insert into campaign (campaignId, advertisementId, location, cost, interactions) values ('18', 1, 'taxi cab', '$3164.91', 5537);
insert into campaign (campaignId, advertisementId, location, cost, interactions) values ('26', 2, 'magazine ad', '$9866.00', 1284);
insert into campaign (campaignId, advertisementId, location, cost, interactions) values ('35', 3, 'magazine ad', '$4022.32', 6072);
insert into campaign (campaignId, advertisementId, location, cost, interactions) values ('2', 4, 'movie theater', '$1946.25', 6283);
insert into campaign (campaignId, advertisementId, location, cost, interactions) values ('25', 5, 'social media', '$7580.59', 9519);
insert into campaign (campaignId, advertisementId, location, cost, interactions) values ('16', 6, 'gas station', '$44.27', 2780);
insert into campaign (campaignId, advertisementId, location, cost, interactions) values ('15', 7, 'elevator', '$3997.79', 1026);
insert into campaign (campaignId, advertisementId, location, cost, interactions) values ('3', 8, 'airport', '$5013.21', 7831);
insert into campaign (campaignId, advertisementId, location, cost, interactions) values ('28', 9, 'magazine ad', '$2947.15', 8180);
insert into campaign (campaignId, advertisementId, location, cost, interactions) values ('10', 10, 'taxi cab', '$5737.74', 6782);
insert into campaign (campaignId, advertisementId, location, cost, interactions) values ('23', 11, 'bus shelter', '$4759.53', 8284);
insert into campaign (campaignId, advertisementId, location, cost, interactions) values ('32', 12, 'billboard', '$2052.27', 6744);
insert into campaign (campaignId, advertisementId, location, cost, interactions) values ('13', 13, 'park bench', '$796.31', 3755);
insert into campaign (campaignId, advertisementId, location, cost, interactions) values ('17', 14, 'elevator', '$1240.43', 1511);
insert into campaign (campaignId, advertisementId, location, cost, interactions) values ('8', 15, 'radio commercial', '$8873.57', 8630);
insert into campaign (campaignId, advertisementId, location, cost, interactions) values ('9', 16, 'subway station', '$3283.58', 6366);
insert into campaign (campaignId, advertisementId, location, cost, interactions) values ('4', 17, 'subway station', '$4301.18', 3728);
insert into campaign (campaignId, advertisementId, location, cost, interactions) values ('31', 18, 'shopping mall', '$3653.31', 3489);
insert into campaign (campaignId, advertisementId, location, cost, interactions) values ('34', 19, 'sports stadium', '$5299.98', 3149);
insert into campaign (campaignId, advertisementId, location, cost, interactions) values ('30', 20, 'park bench', '$8086.63', 3380);
insert into campaign (campaignId, advertisementId, location, cost, interactions) values ('5', 21, 'website banner', '$2064.45', 9461);
insert into campaign (campaignId, advertisementId, location, cost, interactions) values ('27', 22, 'subway station', '$7990.73', 2954);
insert into campaign (campaignId, advertisementId, location, cost, interactions) values ('6', 23, 'airport', '$5919.53', 9750);
insert into campaign (campaignId, advertisementId, location, cost, interactions) values ('22', 24, 'airport', '$9324.44', 8431);
insert into campaign (campaignId, advertisementId, location, cost, interactions) values ('33', 25, 'radio commercial', '$4871.14', 5053);
insert into campaign (campaignId, advertisementId, location, cost, interactions) values ('12', 26, 'social media', '$8524.59', 6600);
insert into campaign (campaignId, advertisementId, location, cost, interactions) values ('21', 27, 'movie theater', '$9860.35', 1906);
insert into campaign (campaignId, advertisementId, location, cost, interactions) values ('1', 28, 'online video platform', '$7872.19', 5330);
insert into campaign (campaignId, advertisementId, location, cost, interactions) values ('14', 29, 'coffee shop', '$7726.53', 5947);
insert into campaign (campaignId, advertisementId, location, cost, interactions) values ('29', 30, 'movie theater', '$893.64', 8306);
insert into campaign (campaignId, advertisementId, location, cost, interactions) values ('19', 31, 'social media', '$9486.94', 8415);
insert into campaign (campaignId, advertisementId, location, cost, interactions) values ('20', 32, 'sports stadium', '$9650.63', 6254);
insert into campaign (campaignId, advertisementId, location, cost, interactions) values ('24', 33, 'taxi cab', '$7904.90', 5668);
insert into campaign (campaignId, advertisementId, location, cost, interactions) values ('11', 34, 'coffee shop', '$5800.44', 3032);
insert into campaign (campaignId, advertisementId, location, cost, interactions) values ('7', 35, 'street corner', '$2708.42', 3002);
insert into campaign (campaignId, advertisementId, location, cost, interactions) values ('25', 36, 'elevator', '$9106.19', 3618);
insert into campaign (campaignId, advertisementId, location, cost, interactions) values ('26', 37, 'subway station', '$3089.35', 3905);
insert into campaign (campaignId, advertisementId, location, cost, interactions) values ('15', 38, 'radio commercial', '$1082.67', 3295);
insert into campaign (campaignId, advertisementId, location, cost, interactions) values ('13', 39, 'gas station', '$542.83', 1046);
insert into campaign (campaignId, advertisementId, location, cost, interactions) values ('22', 40, 'park bench', '$7500.29', 6551);
insert into campaign (campaignId, advertisementId, location, cost, interactions) values ('19', 41, 'bus stop', '$9454.16', 7677);
insert into campaign (campaignId, advertisementId, location, cost, interactions) values ('8', 42, 'coffee shop', '$5683.09', 871);
insert into campaign (campaignId, advertisementId, location, cost, interactions) values ('31', 43, 'movie theater', '$5167.27', 5082);
insert into campaign (campaignId, advertisementId, location, cost, interactions) values ('34', 44, 'coffee shop', '$4580.67', 2114);
insert into campaign (campaignId, advertisementId, location, cost, interactions) values ('10', 45, 'elevator', '$5314.93', 8824);


insert into policy (policyId, policyName, stance) values (1, 'Auto Insurance Policy', 'placerat praesent blandit nam nulla integer pede justo lacinia eget tincidunt eget tempus vel pede morbi porttitor lorem id ligula suspendisse ornare consequat lectus');
insert into policy (policyId, policyName, stance) values (2, 'Travel Insurance Policy', 'eu nibh quisque id justo sit amet sapien dignissim vestibulum vestibulum ante ipsum primis in faucibus orci luctus et ultrices posuere cubilia curae nulla dapibus');
insert into policy (policyId, policyName, stance) values (3, 'Pet Insurance Policy', 'congue etiam justo etiam pretium iaculis justo in hac habitasse platea dictumst etiam faucibus cursus urna');
insert into policy (policyId, policyName, stance) values (4, 'Renter''s Insurance Policy', 'convallis nulla neque libero convallis eget eleifend luctus ultricies eu nibh quisque id justo sit amet');
insert into policy (policyId, policyName, stance) values (5, 'Life Insurance Policy', 'ante ipsum primis in faucibus orci luctus et ultrices posuere cubilia curae donec pharetra magna vestibulum aliquet ultrices erat tortor sollicitudin mi sit amet lobortis sapien sapien non mi integer');
insert into policy (policyId, policyName, stance) values (6, 'Health Insurance Policy', 'odio odio elementum eu interdum eu tincidunt in leo maecenas pulvinar lobortis est phasellus');
insert into policy (policyId, policyName, stance) values (7, 'Business Insurance Policy', 'amet eros suspendisse accumsan tortor quis turpis sed ante vivamus tortor duis mattis egestas metus aenean fermentum donec ut mauris eget massa tempor convallis nulla neque libero convallis');
insert into policy (policyId, policyName, stance) values (8, 'Health Insurance Policy', 'sed lacus morbi sem mauris laoreet ut rhoncus aliquet pulvinar sed nisl nunc rhoncus');
insert into policy (policyId, policyName, stance) values (9, 'Auto Insurance Policy', 'sapien varius ut blandit non interdum in ante vestibulum ante ipsum primis in faucibus orci luctus et ultrices posuere cubilia curae duis faucibus');
insert into policy (policyId, policyName, stance) values (10, 'Pet Insurance Policy', 'malesuada in imperdiet et commodo vulputate justo in blandit ultrices enim lorem ipsum dolor sit amet consectetuer adipiscing elit proin interdum');
insert into policy (policyId, policyName, stance) values (11, 'Auto Insurance Policy', 'cras non velit nec nisi vulputate nonummy maecenas tincidunt lacus');
insert into policy (policyId, policyName, stance) values (12, 'Auto Insurance Policy', 'in est risus auctor sed tristique in tempus sit amet sem fusce consequat nulla nisl nunc nisl duis bibendum felis sed');
insert into policy (policyId, policyName, stance) values (13, 'Business Insurance Policy', 'pede lobortis ligula sit amet eleifend pede libero quis orci nullam molestie nibh in lectus');
insert into policy (policyId, policyName, stance) values (14, 'Travel Insurance Policy', 'elit ac nulla sed vel enim sit amet nunc viverra dapibus nulla suscipit ligula in lacus curabitur at ipsum ac tellus semper interdum mauris');
insert into policy (policyId, policyName, stance) values (15, 'Life Insurance Policy', 'magnis dis parturient montes nascetur ridiculus mus vivamus vestibulum sagittis sapien cum sociis natoque');
insert into policy (policyId, policyName, stance) values (16, 'Earthquake Insurance Policy', 'lacus at velit vivamus vel nulla eget eros elementum pellentesque quisque porta volutpat erat quisque erat eros viverra eget congue eget semper rutrum nulla nunc purus phasellus in felis donec');
insert into policy (policyId, policyName, stance) values (17, 'Renter''s Insurance Policy', 'non velit nec nisi vulputate nonummy maecenas tincidunt lacus at');
insert into policy (policyId, policyName, stance) values (18, 'Auto Insurance Policy', 'dapibus nulla suscipit ligula in lacus curabitur at ipsum ac tellus semper interdum mauris ullamcorper purus sit amet nulla');
insert into policy (policyId, policyName, stance) values (19, 'Business Insurance Policy', 'justo pellentesque viverra pede ac diam cras pellentesque volutpat dui');
insert into policy (policyId, policyName, stance) values (20, 'Health Insurance Policy', 'quisque porta volutpat erat quisque erat eros viverra eget congue eget semper rutrum nulla nunc purus phasellus in felis donec semper sapien a libero');
insert into policy (policyId, policyName, stance) values (21, 'Business Insurance Policy', 'amet nunc viverra dapibus nulla suscipit ligula in lacus curabitur at ipsum ac tellus semper interdum mauris ullamcorper purus sit amet');
insert into policy (policyId, policyName, stance) values (22, 'Renter''s Insurance Policy', 'et magnis dis parturient montes nascetur ridiculus mus vivamus vestibulum sagittis sapien cum sociis natoque penatibus et magnis dis parturient montes nascetur');
insert into policy (policyId, policyName, stance) values (23, 'Home Insurance Policy', 'non ligula pellentesque ultrices phasellus id sapien in sapien iaculis congue');
insert into policy (policyId, policyName, stance) values (24, 'Auto Insurance Policy', 'praesent blandit lacinia erat vestibulum sed magna at nunc commodo placerat praesent blandit');
insert into policy (policyId, policyName, stance) values (25, 'Travel Insurance Policy', 'orci luctus et ultrices posuere cubilia curae donec pharetra magna vestibulum aliquet ultrices erat tortor sollicitudin mi sit amet lobortis sapien sapien non mi integer ac');
insert into policy (policyId, policyName, stance) values (26, 'Earthquake Insurance Policy', 'placerat ante nulla justo aliquam quis turpis eget elit sodales scelerisque mauris sit');
insert into policy (policyId, policyName, stance) values (27, 'Earthquake Insurance Policy', 'sed tristique in tempus sit amet sem fusce consequat nulla nisl nunc nisl duis bibendum felis sed interdum venenatis turpis enim blandit');
insert into policy (policyId, policyName, stance) values (28, 'Travel Insurance Policy', 'ridiculus mus etiam vel augue vestibulum rutrum rutrum neque aenean auctor gravida sem praesent id massa id nisl venenatis lacinia aenean sit amet justo morbi ut odio cras mi');
insert into policy (policyId, policyName, stance) values (29, 'Travel Insurance Policy', 'leo maecenas pulvinar lobortis est phasellus sit amet erat nulla tempus vivamus in');
insert into policy (policyId, policyName, stance) values (30, 'Renter''s Insurance Policy', 'donec ut dolor morbi vel lectus in quam fringilla rhoncus mauris enim leo rhoncus sed vestibulum sit amet cursus id turpis integer aliquet massa id lobortis convallis tortor risus');
insert into policy (policyId, policyName, stance) values (31, 'Renter''s Insurance Policy', 'nulla tellus in sagittis dui vel nisl duis ac nibh fusce lacus purus aliquet at');
insert into policy (policyId, policyName, stance) values (32, 'Pet Insurance Policy', 'integer non velit donec diam neque vestibulum eget vulputate ut ultrices vel augue vestibulum ante ipsum primis in faucibus orci luctus');
insert into policy (policyId, policyName, stance) values (33, 'Earthquake Insurance Policy', 'platea dictumst morbi vestibulum velit id pretium iaculis diam erat fermentum justo nec condimentum neque sapien placerat ante nulla justo aliquam quis turpis eget elit sodales scelerisque mauris sit');
insert into policy (policyId, policyName, stance) values (34, 'Auto Insurance Policy', 'venenatis non sodales sed tincidunt eu felis fusce posuere felis sed lacus morbi sem mauris laoreet ut rhoncus aliquet');
insert into policy (policyId, policyName, stance) values (35, 'Home Insurance Policy', 'enim blandit mi in porttitor pede justo eu massa donec dapibus duis at velit eu est congue elementum in hac habitasse platea dictumst morbi vestibulum velit id pretium iaculis diam');

insert into advocatesFor (policyId, candidateId) values ('3', 1);
insert into advocatesFor (policyId, candidateId) values ('24', 2);
insert into advocatesFor (policyId, candidateId) values ('2', 3);
insert into advocatesFor (policyId, candidateId) values ('5', 4);
insert into advocatesFor (policyId, candidateId) values ('20', 5);
insert into advocatesFor (policyId, candidateId) values ('4', 6);
insert into advocatesFor (policyId, candidateId) values ('9', 7);
insert into advocatesFor (policyId, candidateId) values ('29', 8);
insert into advocatesFor (policyId, candidateId) values ('35', 9);
insert into advocatesFor (policyId, candidateId) values ('34', 10);
insert into advocatesFor (policyId, candidateId) values ('30', 11);
insert into advocatesFor (policyId, candidateId) values ('17', 12);
insert into advocatesFor (policyId, candidateId) values ('10', 13);
insert into advocatesFor (policyId, candidateId) values ('14', 14);
insert into advocatesFor (policyId, candidateId) values ('23', 15);
insert into advocatesFor (policyId, candidateId) values ('15', 16);
insert into advocatesFor (policyId, candidateId) values ('8', 17);
insert into advocatesFor (policyId, candidateId) values ('31', 18);
insert into advocatesFor (policyId, candidateId) values ('12', 19);
insert into advocatesFor (policyId, candidateId) values ('6', 20);
insert into advocatesFor (policyId, candidateId) values ('26', 21);
insert into advocatesFor (policyId, candidateId) values ('1', 22);
insert into advocatesFor (policyId, candidateId) values ('33', 23);
insert into advocatesFor (policyId, candidateId) values ('13', 24);
insert into advocatesFor (policyId, candidateId) values ('18', 25);
insert into advocatesFor (policyId, candidateId) values ('7', 26);
insert into advocatesFor (policyId, candidateId) values ('16', 27);
insert into advocatesFor (policyId, candidateId) values ('22', 28);
insert into advocatesFor (policyId, candidateId) values ('11', 29);
insert into advocatesFor (policyId, candidateId) values ('32', 30);
insert into advocatesFor (policyId, candidateId) values ('25', 31);
insert into advocatesFor (policyId, candidateId) values ('27', 32);
insert into advocatesFor (policyId, candidateId) values ('21', 33);
insert into advocatesFor (policyId, candidateId) values ('19', 34);
insert into advocatesFor (policyId, candidateId) values ('28', 35);
insert into advocatesFor (policyId, candidateId) values ('15', 36);
insert into advocatesFor (policyId, candidateId) values ('26', 37);
insert into advocatesFor (policyId, candidateId) values ('31', 38);
insert into advocatesFor (policyId, candidateId) values ('9', 39);
insert into advocatesFor (policyId, candidateId) values ('16', 40);
insert into advocatesFor (policyId, candidateId) values ('6', 41);
insert into advocatesFor (policyId, candidateId) values ('4', 42);
insert into advocatesFor (policyId, candidateId) values ('35', 43);
insert into advocatesFor (policyId, candidateId) values ('19', 44);
insert into advocatesFor (policyId, candidateId) values ('18', 45);
insert into advocatesFor (policyId, candidateId) values ('25', 46);
insert into advocatesFor (policyId, candidateId) values ('12', 47);
insert into advocatesFor (policyId, candidateId) values ('24', 48);
insert into advocatesFor (policyId, candidateId) values ('7', 49);
insert into advocatesFor (policyId, candidateId) values ('20', 50);
insert into advocatesFor (policyId, candidateId) values ('27', 51);
insert into advocatesFor (policyId, candidateId) values ('1', 52);
insert into advocatesFor (policyId, candidateId) values ('3', 53);
insert into advocatesFor (policyId, candidateId) values ('23', 54);
insert into advocatesFor (policyId, candidateId) values ('13', 55);
insert into advocatesFor (policyId, candidateId) values ('32', 56);
insert into advocatesFor (policyId, candidateId) values ('33', 57);
insert into advocatesFor (policyId, candidateId) values ('22', 58);
insert into advocatesFor (policyId, candidateId) values ('8', 59);
insert into advocatesFor (policyId, candidateId) values ('5', 60);
insert into advocatesFor (policyId, candidateId) values ('29', 61);
insert into advocatesFor (policyId, candidateId) values ('21', 62);
insert into advocatesFor (policyId, candidateId) values ('17', 63);
insert into advocatesFor (policyId, candidateId) values ('34', 64);
insert into advocatesFor (policyId, candidateId) values ('2', 65);
insert into advocatesFor (policyId, candidateId) values ('10', 66);
insert into advocatesFor (policyId, candidateId) values ('28', 67);
insert into advocatesFor (policyId, candidateId) values ('14', 68);
insert into advocatesFor (policyId, candidateId) values ('30', 69);
insert into advocatesFor (policyId, candidateId) values ('11', 70);
insert into advocatesFor (policyId, candidateId) values ('30', 71);
insert into advocatesFor (policyId, candidateId) values ('22', 72);
insert into advocatesFor (policyId, candidateId) values ('31', 73);
insert into advocatesFor (policyId, candidateId) values ('11', 74);
insert into advocatesFor (policyId, candidateId) values ('3', 75);
insert into advocatesFor (policyId, candidateId) values ('19', 76);
insert into advocatesFor (policyId, candidateId) values ('6', 77);
insert into advocatesFor (policyId, candidateId) values ('24', 78);
insert into advocatesFor (policyId, candidateId) values ('28', 79);
insert into advocatesFor (policyId, candidateId) values ('13', 80);
insert into advocatesFor (policyId, candidateId) values ('26', 81);
insert into advocatesFor (policyId, candidateId) values ('32', 82);
insert into advocatesFor (policyId, candidateId) values ('27', 83);
insert into advocatesFor (policyId, candidateId) values ('4', 84);
insert into advocatesFor (policyId, candidateId) values ('2', 85);
insert into advocatesFor (policyId, candidateId) values ('8', 86);
insert into advocatesFor (policyId, candidateId) values ('14', 87);
insert into advocatesFor (policyId, candidateId) values ('17', 88);
insert into advocatesFor (policyId, candidateId) values ('21', 89);
insert into advocatesFor (policyId, candidateId) values ('9', 90);
insert into advocatesFor (policyId, candidateId) values ('29', 91);
insert into advocatesFor (policyId, candidateId) values ('18', 92);
insert into advocatesFor (policyId, candidateId) values ('35', 93);
insert into advocatesFor (policyId, candidateId) values ('10', 94);
insert into advocatesFor (policyId, candidateId) values ('15', 95);
insert into advocatesFor (policyId, candidateId) values ('1', 96);
insert into advocatesFor (policyId, candidateId) values ('25', 97);
insert into advocatesFor (policyId, candidateId) values ('33', 98);
insert into advocatesFor (policyId, candidateId) values ('34', 99);
insert into advocatesFor (policyId, candidateId) values ('16', 100);

insert into votingCenter (votingCenterId, street, city, state, zipcode) values (1, '342 Beilfuss Alley', 'Meadowbrook', 'NY', '39646');
insert into votingCenter (votingCenterId, street, city, state, zipcode) values (2, '49637 Ronald Regan Park', 'Woodland Hills', 'TX', '05556');
insert into votingCenter (votingCenterId, street, city, state, zipcode) values (3, '5 Oakridge Point', 'Brookside', 'NY', '01204');
insert into votingCenter (votingCenterId, street, city, state, zipcode) values (4, '7 Trailsway Street', 'Lakeview', 'TX', '88437');
insert into votingCenter (votingCenterId, street, city, state, zipcode) values (5, '7 Meadow Vale Terrace', 'Meadowbrook', 'AZ', '25416');
insert into votingCenter (votingCenterId, street, city, state, zipcode) values (6, '529 Erie Park', 'Pleasant Valley', 'TX', '83541');
insert into votingCenter (votingCenterId, street, city, state, zipcode) values (7, '933 Melby Park', 'Silver Springs', 'CO', '07942');
insert into votingCenter (votingCenterId, street, city, state, zipcode) values (8, '79 Algoma Court', 'Pleasant Valley', 'AZ', '23262');
insert into votingCenter (votingCenterId, street, city, state, zipcode) values (9, '59795 Artisan Hill', 'Riverdale', 'TX', '85525');
insert into votingCenter (votingCenterId, street, city, state, zipcode) values (10, '5 Weeping Birch Crossing', 'Oakdale', 'KS', '37966');
insert into votingCenter (votingCenterId, street, city, state, zipcode) values (11, '109 East Plaza', 'Clearwater', 'NY', '23486');
insert into votingCenter (votingCenterId, street, city, state, zipcode) values (12, '71 Pierstorff Park', 'Windsor Park', 'CA', '70024');
insert into votingCenter (votingCenterId, street, city, state, zipcode) values (13, '93323 Forster Hill', 'Pine Valley', 'FL', '93332');
insert into votingCenter (votingCenterId, street, city, state, zipcode) values (14, '6527 Cascade Center', 'Sunnydale', 'TX', '48705');
insert into votingCenter (votingCenterId, street, city, state, zipcode) values (15, '9 Hollow Ridge Avenue', 'Hickory Hills', 'CA', '69528');
insert into votingCenter (votingCenterId, street, city, state, zipcode) values (16, '75 Florence Way', 'Cedar Ridge', 'TX', '13264');
insert into votingCenter (votingCenterId, street, city, state, zipcode) values (17, '5 Mockingbird Way', 'Fairview', 'KY', '79219');
insert into votingCenter (votingCenterId, street, city, state, zipcode) values (18, '6251 Sheridan Drive', 'Hickory Hills', 'IN', '89877');
insert into votingCenter (votingCenterId, street, city, state, zipcode) values (19, '9447 Graceland Terrace', 'Windsor Park', 'GA', '11977');
insert into votingCenter (votingCenterId, street, city, state, zipcode) values (20, '391 Golf Junction', 'Pine Valley', 'OH', '04931');
insert into votingCenter (votingCenterId, street, city, state, zipcode) values (21, '91 Cody Place', 'Valley Forge', 'LA', '24830');
insert into votingCenter (votingCenterId, street, city, state, zipcode) values (22, '75821 Armistice Avenue', 'Lakeview', 'DC', '00332');
insert into votingCenter (votingCenterId, street, city, state, zipcode) values (23, '434 Forest Run Plaza', 'Briarwood', 'SC', '54762');
insert into votingCenter (votingCenterId, street, city, state, zipcode) values (24, '6 Mockingbird Park', 'Greenwood', 'AZ', '10343');
insert into votingCenter (votingCenterId, street, city, state, zipcode) values (25, '792 Knutson Lane', 'Brookside', 'OK', '50842');
insert into votingCenter (votingCenterId, street, city, state, zipcode) values (26, '81 Toban Point', 'Sunset Hills', 'MN', '29307');
insert into votingCenter (votingCenterId, street, city, state, zipcode) values (27, '44 Grasskamp Junction', 'Briarwood', 'CT', '54515');
insert into votingCenter (votingCenterId, street, city, state, zipcode) values (28, '97 Pearson Drive', 'Hillcrest', 'MI', '29849');
insert into votingCenter (votingCenterId, street, city, state, zipcode) values (29, '3153 Westridge Junction', 'Springfield', 'NY', '46715');
insert into votingCenter (votingCenterId, street, city, state, zipcode) values (30, '10536 Little Fleur Place', 'Meadowbrook', 'LA', '68400');
insert into votingCenter (votingCenterId, street, city, state, zipcode) values (31, '9 Hintze Point', 'Oakdale', 'LA', '04229');
insert into votingCenter (votingCenterId, street, city, state, zipcode) values (32, '6857 Blue Bill Park Pass', 'Clearwater', 'NY', '05227');
insert into votingCenter (votingCenterId, street, city, state, zipcode) values (33, '51 Tony Place', 'Chestnut Ridge', 'FL', '90406');
insert into votingCenter (votingCenterId, street, city, state, zipcode) values (34, '9733 Cherokee Pass', 'Golden Grove', 'DC', '85320');
insert into votingCenter (votingCenterId, street, city, state, zipcode) values (35, '355 Bobwhite Circle', 'Oakdale', 'NY', '45594');

insert into voter (voterId, politicalAffiliation, state, county, age, incomeLevel, ethnicity, gender, candidateId, votingCenterId) values (1, 'Democrat', 'Oregon', 'Maplewood County', 60, 'Middle Eastern', 'Middle', 'Non-binary', '10', '17');
insert into voter (voterId, politicalAffiliation, state, county, age, incomeLevel, ethnicity, gender, candidateId, votingCenterId) values (2, 'Democrat', 'West Virginia', 'Whispering Pines County', 12, 'Mixed Race', 'Upper Middle', 'Male', '15', '31');
insert into voter (voterId, politicalAffiliation, state, county, age, incomeLevel, ethnicity, gender, candidateId, votingCenterId) values (3, 'Independent', 'District of Columbia', 'Willow Creek County', 93, 'Japanese American', 'Low', 'Female', '13', '5');
insert into voter (voterId, politicalAffiliation, state, county, age, incomeLevel, ethnicity, gender, candidateId, votingCenterId) values (4, 'Independent', 'Maryland', 'Whispering Pines County', 52, 'Japanese American', 'Middle', 'Female', '17', '29');
insert into voter (voterId, politicalAffiliation, state, county, age, incomeLevel, ethnicity, gender, candidateId, votingCenterId) values (5, 'Republican', 'Texas', 'Cedar Grove County', 83, 'Filipino American', 'Middle', 'Male', '29', '24');
insert into voter (voterId, politicalAffiliation, state, county, age, incomeLevel, ethnicity, gender, candidateId, votingCenterId) values (6, 'Democrat', 'Florida', 'Mountainview County', 24, 'European American', 'Low', 'Female', '20', '35');
insert into voter (voterId, politicalAffiliation, state, county, age, incomeLevel, ethnicity, gender, candidateId, votingCenterId) values (7, 'Democrat', 'Virginia', 'Fairview County', 37, 'Native American', 'Middle', 'Male', '34', '6');
insert into voter (voterId, politicalAffiliation, state, county, age, incomeLevel, ethnicity, gender, candidateId, votingCenterId) values (8, 'Democrat', 'Louisiana', 'Golden Hills County', 62, 'Filipino American', 'Upper Middle', 'Male', '28', '27');
insert into voter (voterId, politicalAffiliation, state, county, age, incomeLevel, ethnicity, gender, candidateId, votingCenterId) values (9, 'Independent', 'Minnesota', 'Springfield County', 78, 'Mixed Race', 'High', 'Female', '30', '20');
insert into voter (voterId, politicalAffiliation, state, county, age, incomeLevel, ethnicity, gender, candidateId, votingCenterId) values (10, 'Independent', 'Ohio', 'Jefferson County', 70, 'Mexican American', 'Low', 'Female', '3', '21');
insert into voter (voterId, politicalAffiliation, state, county, age, incomeLevel, ethnicity, gender, candidateId, votingCenterId) values (11, 'Democrat', 'South Carolina', 'Pleasantville County', 34, 'Iranian American', 'Middle', 'Female', '21', '22');
insert into voter (voterId, politicalAffiliation, state, county, age, incomeLevel, ethnicity, gender, candidateId, votingCenterId) values (12, 'Independent', 'Kentucky', 'Willow Creek County', 97, 'South Asian', 'Low', 'Male', '24', '3');
insert into voter (voterId, politicalAffiliation, state, county, age, incomeLevel, ethnicity, gender, candidateId, votingCenterId) values (13, 'Democrat', 'Nevada', 'Lakeside County', 71, 'South Asian', 'Low', 'Female', '4', '30');
insert into voter (voterId, politicalAffiliation, state, county, age, incomeLevel, ethnicity, gender, candidateId, votingCenterId) values (14, 'Republican', 'Texas', 'Golden Hills County', 62, 'Chinese American', 'High', 'Female', '2', '11');
insert into voter (voterId, politicalAffiliation, state, county, age, incomeLevel, ethnicity, gender, candidateId, votingCenterId) values (15, 'Democrat', 'Massachusetts', 'Willow Creek County', 83, 'Mixed Race', 'High', 'Male', '27', '19');
insert into voter (voterId, politicalAffiliation, state, county, age, incomeLevel, ethnicity, gender, candidateId, votingCenterId) values (16, 'Republican', 'Connecticut', 'Hillcrest County', 86, 'Hispanic', 'High', 'Female', '14', '14');
insert into voter (voterId, politicalAffiliation, state, county, age, incomeLevel, ethnicity, gender, candidateId, votingCenterId) values (17, 'Republican', 'California', 'Washington County', 88, 'White', 'High', 'Male', '9', '34');
insert into voter (voterId, politicalAffiliation, state, county, age, incomeLevel, ethnicity, gender, candidateId, votingCenterId) values (18, 'Democrat', 'Texas', 'Cedar Grove County', 73, 'Pacific Islander', 'Upper Middle', 'Male', '16', '10');
insert into voter (voterId, politicalAffiliation, state, county, age, incomeLevel, ethnicity, gender, candidateId, votingCenterId) values (19, 'Republican', 'West Virginia', 'Cedar Grove County', 8, 'Native Hawaiian', 'Lower Middle', 'Female', '8', '7');
insert into voter (voterId, politicalAffiliation, state, county, age, incomeLevel, ethnicity, gender, candidateId, votingCenterId) values (20, 'Independent', 'Texas', 'Washington County', 28, 'Iranian American', 'Low', 'Male', '31', '8');
insert into voter (voterId, politicalAffiliation, state, county, age, incomeLevel, ethnicity, gender, candidateId, votingCenterId) values (21, 'Independent', 'Minnesota', 'Mountainview County', 90, 'Mixed Race', 'High', 'Non-binary', '1', '12');
insert into voter (voterId, politicalAffiliation, state, county, age, incomeLevel, ethnicity, gender, candidateId, votingCenterId) values (22, 'Democrat', 'Georgia', 'Maplewood County', 9, 'Latino', 'Low', 'Female', '5', '2');
insert into voter (voterId, politicalAffiliation, state, county, age, incomeLevel, ethnicity, gender, candidateId, votingCenterId) values (23, 'Democrat', 'Massachusetts', 'Harborview County', 16, 'Black', 'Low', 'Male', '23', '16');
insert into voter (voterId, politicalAffiliation, state, county, age, incomeLevel, ethnicity, gender, candidateId, votingCenterId) values (24, 'Republican', 'Michigan', 'Mountainview County', 91, 'Black', 'Middle', 'Polygender', '33', '28');
insert into voter (voterId, politicalAffiliation, state, county, age, incomeLevel, ethnicity, gender, candidateId, votingCenterId) values (25, 'Democrat', 'Indiana', 'Jefferson County', 77, 'South Asian', 'Middle', 'Non-binary', '26', '1');
insert into voter (voterId, politicalAffiliation, state, county, age, incomeLevel, ethnicity, gender, candidateId, votingCenterId) values (26, 'Republican', 'California', 'Meadowbrook County', 7, 'Filipino American', 'Low', 'Male', '32', '23');
insert into voter (voterId, politicalAffiliation, state, county, age, incomeLevel, ethnicity, gender, candidateId, votingCenterId) values (27, 'Republican', 'Texas', 'Greenwood County', 100, 'Indigenous', 'High', 'Male', '18', '4');
insert into voter (voterId, politicalAffiliation, state, county, age, incomeLevel, ethnicity, gender, candidateId, votingCenterId) values (28, 'Republican', 'Utah', 'Sunnydale County', 86, 'Arab American', 'Upper Middle', 'Female', '6', '26');
insert into voter (voterId, politicalAffiliation, state, county, age, incomeLevel, ethnicity, gender, candidateId, votingCenterId) values (29, 'Independent', 'Texas', 'Oak Ridge County', 33, 'Japanese American', 'Low', 'Female', '19', '18');
insert into voter (voterId, politicalAffiliation, state, county, age, incomeLevel, ethnicity, gender, candidateId, votingCenterId) values (30, 'Independent', 'Indiana', 'Sunnydale County', 12, 'Middle Eastern', 'Upper Middle', 'Female', '22', '33');
insert into voter (voterId, politicalAffiliation, state, county, age, incomeLevel, ethnicity, gender, candidateId, votingCenterId) values (31, 'Republican', 'Missouri', 'Lakeside County', 3, 'Mixed Race', 'Middle', 'Male', '7', '15');
insert into voter (voterId, politicalAffiliation, state, county, age, incomeLevel, ethnicity, gender, candidateId, votingCenterId) values (32, 'Democrat', 'Texas', 'Jefferson County', 4, 'Vietnamese American', 'Lower Middle', 'Female', '12', '13');
insert into voter (voterId, politicalAffiliation, state, county, age, incomeLevel, ethnicity, gender, candidateId, votingCenterId) values (33, 'Independent', 'California', 'Greenwood County', 68, 'White', 'Low', 'Male', '11', '9');
insert into voter (voterId, politicalAffiliation, state, county, age, incomeLevel, ethnicity, gender, candidateId, votingCenterId) values (34, 'Independent', 'California', 'Riverdale County', 61, 'Vietnamese American', 'Middle', 'Male', '35', '25');
insert into voter (voterId, politicalAffiliation, state, county, age, incomeLevel, ethnicity, gender, candidateId, votingCenterId) values (35, 'Independent', 'Utah', 'Oak Ridge County', 34, 'South Asian', 'High', 'Male', '25', '32');
