-- candidate, election, ranIn, stateResult, policy, advocatesFor, votingCenter, voter, 
-- voterSiteSurvey, voterFeaturesAccessed, campaign, rally, advertisement, campaignManagerSiteSurvey, campaignFeaturesAccessed

insert into voterSiteSurvey (voterSurveyId, foundVotingCenter, isUserFriendly, foundNeededInfo, informedAboutCandidate, discoveredWhere, createdAt, updatedAt, voterId) values (1, false, 10, 1, true, 'Website', '2005-10-01 09:21:09', '2023-10-13 07:43:52', '24');
insert into voterSiteSurvey (voterSurveyId, foundVotingCenter, isUserFriendly, foundNeededInfo, informedAboutCandidate, discoveredWhere, createdAt, updatedAt, voterId) values (2, false, 7, 9, false, 'Newsletter', '2013-06-17 18:40:50', '2013-01-04 04:19:06', '21');
insert into voterSiteSurvey (voterSurveyId, foundVotingCenter, isUserFriendly, foundNeededInfo, informedAboutCandidate, discoveredWhere, createdAt, updatedAt, voterId) values (3, false, 3, 2, false, 'Word of Mouth', '2008-01-06 01:32:22', '2022-01-20 23:45:05', '6');
insert into voterSiteSurvey (voterSurveyId, foundVotingCenter, isUserFriendly, foundNeededInfo, informedAboutCandidate, discoveredWhere, createdAt, updatedAt, voterId) values (4, false, 10, 5, true, 'Online Advertisement', '2010-03-04 11:06:03', '2020-08-16 23:31:24', '35');
insert into voterSiteSurvey (voterSurveyId, foundVotingCenter, isUserFriendly, foundNeededInfo, informedAboutCandidate, discoveredWhere, createdAt, updatedAt, voterId) values (5, true, 1, 3, true, 'Video Platform', '2013-05-06 18:31:11', '2006-05-31 21:47:39', '5');
insert into voterSiteSurvey (voterSurveyId, foundVotingCenter, isUserFriendly, foundNeededInfo, informedAboutCandidate, discoveredWhere, createdAt, updatedAt, voterId) values (6, false, 10, 5, false, 'Online Forum', '2013-09-29 15:34:38', '2011-08-28 13:31:12', '1');
insert into voterSiteSurvey (voterSurveyId, foundVotingCenter, isUserFriendly, foundNeededInfo, informedAboutCandidate, discoveredWhere, createdAt, updatedAt, voterId) values (7, false, 5, 9, false, 'Word of Mouth', '2007-01-28 18:00:20', '2021-09-30 04:29:06', '29');
insert into voterSiteSurvey (voterSurveyId, foundVotingCenter, isUserFriendly, foundNeededInfo, informedAboutCandidate, discoveredWhere, createdAt, updatedAt, voterId) values (8, true, 8, 3, false, 'Website', '2011-03-11 10:49:41', '2023-07-31 10:41:07', '22');
insert into voterSiteSurvey (voterSurveyId, foundVotingCenter, isUserFriendly, foundNeededInfo, informedAboutCandidate, discoveredWhere, createdAt, updatedAt, voterId) values (9, true, 4, 1, true, 'Video Platform', '2009-05-04 18:22:12', '2016-10-25 10:36:18', '26');
insert into voterSiteSurvey (voterSurveyId, foundVotingCenter, isUserFriendly, foundNeededInfo, informedAboutCandidate, discoveredWhere, createdAt, updatedAt, voterId) values (10, false, 10, 4, false, 'Website', '2018-10-13 14:21:57', '2015-09-04 06:31:37', '28');
insert into voterSiteSurvey (voterSurveyId, foundVotingCenter, isUserFriendly, foundNeededInfo, informedAboutCandidate, discoveredWhere, createdAt, updatedAt, voterId) values (11, false, 6, 9, false, 'Social Media', '2018-07-12 12:32:52', '2016-10-18 15:56:37', '16');
insert into voterSiteSurvey (voterSurveyId, foundVotingCenter, isUserFriendly, foundNeededInfo, informedAboutCandidate, discoveredWhere, createdAt, updatedAt, voterId) values (12, false, 10, 7, true, 'Online Forum', '2008-07-17 02:17:03', '2010-06-11 20:18:45', '11');
insert into voterSiteSurvey (voterSurveyId, foundVotingCenter, isUserFriendly, foundNeededInfo, informedAboutCandidate, discoveredWhere, createdAt, updatedAt, voterId) values (13, true, 6, 9, true, 'Blog', '2016-03-02 10:40:04', '2011-12-11 18:48:55', '30');
insert into voterSiteSurvey (voterSurveyId, foundVotingCenter, isUserFriendly, foundNeededInfo, informedAboutCandidate, discoveredWhere, createdAt, updatedAt, voterId) values (14, true, 4, 2, true, 'Search Engine', '2007-08-13 04:31:44', '2020-08-01 06:10:34', '12');
insert into voterSiteSurvey (voterSurveyId, foundVotingCenter, isUserFriendly, foundNeededInfo, informedAboutCandidate, discoveredWhere, createdAt, updatedAt, voterId) values (15, false, 6, 10, true, 'Word of Mouth', '2019-01-16 11:42:34', '2023-06-13 22:29:30', '32');
insert into voterSiteSurvey (voterSurveyId, foundVotingCenter, isUserFriendly, foundNeededInfo, informedAboutCandidate, discoveredWhere, createdAt, updatedAt, voterId) values (16, true, 9, 1, false, 'Video Platform', '2010-07-14 16:55:25', '2006-11-18 09:47:15', '8');
insert into voterSiteSurvey (voterSurveyId, foundVotingCenter, isUserFriendly, foundNeededInfo, informedAboutCandidate, discoveredWhere, createdAt, updatedAt, voterId) values (17, true, 6, 10, true, 'Word of Mouth', '2022-08-02 17:34:41', '2015-06-10 10:41:16', '23');
insert into voterSiteSurvey (voterSurveyId, foundVotingCenter, isUserFriendly, foundNeededInfo, informedAboutCandidate, discoveredWhere, createdAt, updatedAt, voterId) values (18, true, 8, 3, true, 'Word of Mouth', '2010-07-29 01:48:47', '2009-02-27 03:17:54', '33');
insert into voterSiteSurvey (voterSurveyId, foundVotingCenter, isUserFriendly, foundNeededInfo, informedAboutCandidate, discoveredWhere, createdAt, updatedAt, voterId) values (19, true, 10, 9, true, 'Online Forum', '2015-04-29 18:10:26', '2018-07-22 09:28:08', '34');
insert into voterSiteSurvey (voterSurveyId, foundVotingCenter, isUserFriendly, foundNeededInfo, informedAboutCandidate, discoveredWhere, createdAt, updatedAt, voterId) values (20, false, 7, 2, true, 'Article', '2024-04-29 11:11:24', '2014-01-04 03:23:22', '9');
insert into voterSiteSurvey (voterSurveyId, foundVotingCenter, isUserFriendly, foundNeededInfo, informedAboutCandidate, discoveredWhere, createdAt, updatedAt, voterId) values (21, true, 8, 8, true, 'Social Media', '2018-11-06 15:43:13', '2007-05-18 20:26:14', '18');
insert into voterSiteSurvey (voterSurveyId, foundVotingCenter, isUserFriendly, foundNeededInfo, informedAboutCandidate, discoveredWhere, createdAt, updatedAt, voterId) values (22, false, 9, 2, false, 'Search Engine', '2015-06-09 18:04:16', '2007-07-07 09:57:06', '31');
insert into voterSiteSurvey (voterSurveyId, foundVotingCenter, isUserFriendly, foundNeededInfo, informedAboutCandidate, discoveredWhere, createdAt, updatedAt, voterId) values (23, true, 9, 10, false, 'Blog', '2012-01-29 14:00:34', '2023-06-05 10:43:57', '2');
insert into voterSiteSurvey (voterSurveyId, foundVotingCenter, isUserFriendly, foundNeededInfo, informedAboutCandidate, discoveredWhere, createdAt, updatedAt, voterId) values (24, false, 4, 4, false, 'Social Media', '2018-06-27 05:58:55', '2018-06-26 13:49:33', '14');
insert into voterSiteSurvey (voterSurveyId, foundVotingCenter, isUserFriendly, foundNeededInfo, informedAboutCandidate, discoveredWhere, createdAt, updatedAt, voterId) values (25, false, 8, 6, false, 'Online Forum', '2006-09-16 09:04:28', '2023-08-25 14:22:26', '4');
insert into voterSiteSurvey (voterSurveyId, foundVotingCenter, isUserFriendly, foundNeededInfo, informedAboutCandidate, discoveredWhere, createdAt, updatedAt, voterId) values (26, false, 8, 10, true, 'Online Advertisement', '2017-06-17 08:09:51', '2016-12-04 10:01:12', '15');
insert into voterSiteSurvey (voterSurveyId, foundVotingCenter, isUserFriendly, foundNeededInfo, informedAboutCandidate, discoveredWhere, createdAt, updatedAt, voterId) values (27, true, 9, 7, false, 'Video Platform', '2014-10-18 05:39:39', '2009-01-19 05:25:26', '25');
insert into voterSiteSurvey (voterSurveyId, foundVotingCenter, isUserFriendly, foundNeededInfo, informedAboutCandidate, discoveredWhere, createdAt, updatedAt, voterId) values (28, true, 8, 4, true, 'Search Engine', '2008-10-22 11:50:11', '2014-07-01 21:39:04', '20');
insert into voterSiteSurvey (voterSurveyId, foundVotingCenter, isUserFriendly, foundNeededInfo, informedAboutCandidate, discoveredWhere, createdAt, updatedAt, voterId) values (29, false, 3, 2, true, 'Social Media', '2016-02-08 17:15:33', '2020-06-11 00:25:50', '17');
insert into voterSiteSurvey (voterSurveyId, foundVotingCenter, isUserFriendly, foundNeededInfo, informedAboutCandidate, discoveredWhere, createdAt, updatedAt, voterId) values (30, false, 9, 3, false, 'Newsletter', '2015-08-22 01:43:55', '2006-01-25 03:18:24', '19');
insert into voterSiteSurvey (voterSurveyId, foundVotingCenter, isUserFriendly, foundNeededInfo, informedAboutCandidate, discoveredWhere, createdAt, updatedAt, voterId) values (31, true, 10, 10, false, 'Word of Mouth', '2016-12-09 09:10:59', '2022-02-17 10:09:11', '10');
insert into voterSiteSurvey (voterSurveyId, foundVotingCenter, isUserFriendly, foundNeededInfo, informedAboutCandidate, discoveredWhere, createdAt, updatedAt, voterId) values (32, false, 5, 3, false, 'Newsletter', '2017-10-21 07:55:52', '2006-01-09 03:55:36', '7');
insert into voterSiteSurvey (voterSurveyId, foundVotingCenter, isUserFriendly, foundNeededInfo, informedAboutCandidate, discoveredWhere, createdAt, updatedAt, voterId) values (33, false, 7, 7, false, 'Social Media', '2021-09-14 22:29:55', '2007-08-11 03:35:30', '13');
insert into voterSiteSurvey (voterSurveyId, foundVotingCenter, isUserFriendly, foundNeededInfo, informedAboutCandidate, discoveredWhere, createdAt, updatedAt, voterId) values (34, true, 8, 6, true, 'Online Forum', '2021-04-11 07:32:28', '2020-03-19 20:03:26', '3');
insert into voterSiteSurvey (voterSurveyId, foundVotingCenter, isUserFriendly, foundNeededInfo, informedAboutCandidate, discoveredWhere, createdAt, updatedAt, voterId) values (35, true, 6, 1, false, 'Website', '2014-01-10 10:10:36', '2012-05-25 19:37:27', '27');

insert into voterFeaturesAccessed (surveyId, featureAccessed) values ('30', 'polling trend graphs');
insert into voterFeaturesAccessed (surveyId, featureAccessed) values ('6', 'campaign finance tracker');
insert into voterFeaturesAccessed (surveyId, featureAccessed) values ('12', 'candidate comparison tool');
insert into voterFeaturesAccessed (surveyId, featureAccessed) values ('18', 'Interactive election map');
insert into voterFeaturesAccessed (surveyId, featureAccessed) values ('4', 'real-time results dashboard');
insert into voterFeaturesAccessed (surveyId, featureAccessed) values ('7', 'candidate comparison tool');
insert into voterFeaturesAccessed (surveyId, featureAccessed) values ('27', 'Interactive election map');
insert into voterFeaturesAccessed (surveyId, featureAccessed) values ('2', 'real-time results dashboard');
insert into voterFeaturesAccessed (surveyId, featureAccessed) values ('31', 'social media sentiment analysis');
insert into voterFeaturesAccessed (surveyId, featureAccessed) values ('33', 'campaign finance tracker');
insert into voterFeaturesAccessed (surveyId, featureAccessed) values ('1', 'election news feed');
insert into voterFeaturesAccessed (surveyId, featureAccessed) values ('9', 'campaign finance tracker');
insert into voterFeaturesAccessed (surveyId, featureAccessed) values ('20', 'social media sentiment analysis');
insert into voterFeaturesAccessed (surveyId, featureAccessed) values ('14', 'campaign finance tracker');
insert into voterFeaturesAccessed (surveyId, featureAccessed) values ('16', 'voter registration portal');
insert into voterFeaturesAccessed (surveyId, featureAccessed) values ('28', 'issue-specific voting guides');
insert into voterFeaturesAccessed (surveyId, featureAccessed) values ('34', 'voter registration portal');
insert into voterFeaturesAccessed (surveyId, featureAccessed) values ('3', 'issue-specific voting guides');
insert into voterFeaturesAccessed (surveyId, featureAccessed) values ('5', 'polling trend graphs');
insert into voterFeaturesAccessed (surveyId, featureAccessed) values ('35', 'debate live streams');
insert into voterFeaturesAccessed (surveyId, featureAccessed) values ('23', 'debate live streams');
insert into voterFeaturesAccessed (surveyId, featureAccessed) values ('26', 'debate live streams');
insert into voterFeaturesAccessed (surveyId, featureAccessed) values ('15', 'real-time results dashboard');
insert into voterFeaturesAccessed (surveyId, featureAccessed) values ('29', 'voter registration portal');
insert into voterFeaturesAccessed (surveyId, featureAccessed) values ('32', 'real-time results dashboard');
insert into voterFeaturesAccessed (surveyId, featureAccessed) values ('24', 'Interactive election map');
insert into voterFeaturesAccessed (surveyId, featureAccessed) values ('10', 'debate live streams');
insert into voterFeaturesAccessed (surveyId, featureAccessed) values ('17', 'social media sentiment analysis');
insert into voterFeaturesAccessed (surveyId, featureAccessed) values ('13', 'election news feed');
insert into voterFeaturesAccessed (surveyId, featureAccessed) values ('22', 'Interactive election map');
insert into voterFeaturesAccessed (surveyId, featureAccessed) values ('8', 'real-time results dashboard');
insert into voterFeaturesAccessed (surveyId, featureAccessed) values ('11', 'election news feed');
insert into voterFeaturesAccessed (surveyId, featureAccessed) values ('19', 'election news feed');
insert into voterFeaturesAccessed (surveyId, featureAccessed) values ('25', 'real-time results dashboard');
insert into voterFeaturesAccessed (surveyId, featureAccessed) values ('21', 'Interactive election map');
insert into voterFeaturesAccessed (surveyId, featureAccessed) values ('19', 'issue-specific voting guides');
insert into voterFeaturesAccessed (surveyId, featureAccessed) values ('5', 'Interactive election map');
insert into voterFeaturesAccessed (surveyId, featureAccessed) values ('13', 'real-time results dashboard');
insert into voterFeaturesAccessed (surveyId, featureAccessed) values ('28', 'voter registration portal');
insert into voterFeaturesAccessed (surveyId, featureAccessed) values ('30', 'real-time results dashboard');
insert into voterFeaturesAccessed (surveyId, featureAccessed) values ('7', 'Interactive election map');
insert into voterFeaturesAccessed (surveyId, featureAccessed) values ('32', 'issue-specific voting guides');
insert into voterFeaturesAccessed (surveyId, featureAccessed) values ('9', 'debate live streams');
insert into voterFeaturesAccessed (surveyId, featureAccessed) values ('14', 'real-time results dashboard');
insert into voterFeaturesAccessed (surveyId, featureAccessed) values ('31', 'real-time results dashboard');
insert into voterFeaturesAccessed (surveyId, featureAccessed) values ('24', 'election news feed');
insert into voterFeaturesAccessed (surveyId, featureAccessed) values ('35', 'social media sentiment analysis');
insert into voterFeaturesAccessed (surveyId, featureAccessed) values ('16', 'candidate comparison tool');
insert into voterFeaturesAccessed (surveyId, featureAccessed) values ('4', 'campaign finance tracker');
insert into voterFeaturesAccessed (surveyId, featureAccessed) values ('22', 'candidate comparison tool');
insert into voterFeaturesAccessed (surveyId, featureAccessed) values ('23', 'real-time results dashboard');
insert into voterFeaturesAccessed (surveyId, featureAccessed) values ('20', 'real-time results dashboard');
insert into voterFeaturesAccessed (surveyId, featureAccessed) values ('21', 'candidate comparison tool');
insert into voterFeaturesAccessed (surveyId, featureAccessed) values ('10', 'voter registration portal');
insert into voterFeaturesAccessed (surveyId, featureAccessed) values ('27', 'election news feed');
insert into voterFeaturesAccessed (surveyId, featureAccessed) values ('8', 'real-time results dashboard');
insert into voterFeaturesAccessed (surveyId, featureAccessed) values ('3', 'social media sentiment analysis');
insert into voterFeaturesAccessed (surveyId, featureAccessed) values ('12', 'polling trend graphs');
insert into voterFeaturesAccessed (surveyId, featureAccessed) values ('17', 'real-time results dashboard');
insert into voterFeaturesAccessed (surveyId, featureAccessed) values ('33', 'candidate comparison tool');
insert into voterFeaturesAccessed (surveyId, featureAccessed) values ('29', 'real-time results dashboard');
insert into voterFeaturesAccessed (surveyId, featureAccessed) values ('26', 'election news feed');
insert into voterFeaturesAccessed (surveyId, featureAccessed) values ('1', 'Interactive election map');
insert into voterFeaturesAccessed (surveyId, featureAccessed) values ('15', 'election news feed');
insert into voterFeaturesAccessed (surveyId, featureAccessed) values ('11', 'election news feed');
insert into voterFeaturesAccessed (surveyId, featureAccessed) values ('18', 'social media sentiment analysis');
insert into voterFeaturesAccessed (surveyId, featureAccessed) values ('2', 'debate live streams');
insert into voterFeaturesAccessed (surveyId, featureAccessed) values ('25', 'issue-specific voting guides');
insert into voterFeaturesAccessed (surveyId, featureAccessed) values ('34', 'polling trend graphs');
insert into voterFeaturesAccessed (surveyId, featureAccessed) values ('6', 'social media sentiment analysis');
insert into voterFeaturesAccessed (surveyId, featureAccessed) values ('14', 'polling trend graphs');
insert into voterFeaturesAccessed (surveyId, featureAccessed) values ('13', 'real-time results dashboard');
insert into voterFeaturesAccessed (surveyId, featureAccessed) values ('33', 'social media sentiment analysis');
insert into voterFeaturesAccessed (surveyId, featureAccessed) values ('22', 'real-time results dashboard');
insert into voterFeaturesAccessed (surveyId, featureAccessed) values ('20', 'Interactive election map');
insert into voterFeaturesAccessed (surveyId, featureAccessed) values ('16', 'polling trend graphs');
insert into voterFeaturesAccessed (surveyId, featureAccessed) values ('7', 'election news feed');
insert into voterFeaturesAccessed (surveyId, featureAccessed) values ('15', 'voter registration portal');
insert into voterFeaturesAccessed (surveyId, featureAccessed) values ('29', 'candidate comparison tool');
insert into voterFeaturesAccessed (surveyId, featureAccessed) values ('3', 'Interactive election map');
insert into voterFeaturesAccessed (surveyId, featureAccessed) values ('30', 'social media sentiment analysis');
insert into voterFeaturesAccessed (surveyId, featureAccessed) values ('6', 'Interactive election map');
insert into voterFeaturesAccessed (surveyId, featureAccessed) values ('4', 'social media sentiment analysis');
insert into voterFeaturesAccessed (surveyId, featureAccessed) values ('34', 'polling trend graphs');
insert into voterFeaturesAccessed (surveyId, featureAccessed) values ('28', 'social media sentiment analysis');
insert into voterFeaturesAccessed (surveyId, featureAccessed) values ('23', 'issue-specific voting guides');
insert into voterFeaturesAccessed (surveyId, featureAccessed) values ('25', 'campaign finance tracker');
insert into voterFeaturesAccessed (surveyId, featureAccessed) values ('10', 'issue-specific voting guides');
insert into voterFeaturesAccessed (surveyId, featureAccessed) values ('24', 'social media sentiment analysis');
insert into voterFeaturesAccessed (surveyId, featureAccessed) values ('11', 'candidate comparison tool');
insert into voterFeaturesAccessed (surveyId, featureAccessed) values ('27', 'polling trend graphs');
insert into voterFeaturesAccessed (surveyId, featureAccessed) values ('1', 'voter registration portal');
insert into voterFeaturesAccessed (surveyId, featureAccessed) values ('2', 'Interactive election map');
insert into voterFeaturesAccessed (surveyId, featureAccessed) values ('18', 'Interactive election map');
insert into voterFeaturesAccessed (surveyId, featureAccessed) values ('5', 'issue-specific voting guides');
insert into voterFeaturesAccessed (surveyId, featureAccessed) values ('17', 'polling trend graphs');
insert into voterFeaturesAccessed (surveyId, featureAccessed) values ('35', 'Interactive election map');
insert into voterFeaturesAccessed (surveyId, featureAccessed) values ('19', 'Interactive election map');
insert into voterFeaturesAccessed (surveyId, featureAccessed) values ('21', 'election news feed');
insert into voterFeaturesAccessed (surveyId, featureAccessed) values ('26', 'polling trend graphs');

insert into campaign (campaignId, newVotersRegistered, dateLaunched, candidateId) values (1, 90, '6/24/2024', '13');
insert into campaign (campaignId, newVotersRegistered, dateLaunched, candidateId) values (2, 30, '2/9/2024', '9');
insert into campaign (campaignId, newVotersRegistered, dateLaunched, candidateId) values (3, 22, '2/21/2024', '34');
insert into campaign (campaignId, newVotersRegistered, dateLaunched, candidateId) values (4, 76, '11/23/2023', '32');
insert into campaign (campaignId, newVotersRegistered, dateLaunched, candidateId) values (5, 76, '2/21/2024', '33');
insert into campaign (campaignId, newVotersRegistered, dateLaunched, candidateId) values (6, 68, '1/6/2024', '7');
insert into campaign (campaignId, newVotersRegistered, dateLaunched, candidateId) values (7, 78, '7/2/2024', '18');
insert into campaign (campaignId, newVotersRegistered, dateLaunched, candidateId) values (8, 30, '2/26/2024', '4');
insert into campaign (campaignId, newVotersRegistered, dateLaunched, candidateId) values (9, 25, '6/9/2024', '6');
insert into campaign (campaignId, newVotersRegistered, dateLaunched, candidateId) values (10, 54, '8/24/2023', '1');
insert into campaign (campaignId, newVotersRegistered, dateLaunched, candidateId) values (11, 36, '2/29/2024', '2');
insert into campaign (campaignId, newVotersRegistered, dateLaunched, candidateId) values (12, 11, '4/25/2024', '5');
insert into campaign (campaignId, newVotersRegistered, dateLaunched, candidateId) values (13, 43, '9/18/2023', '15');
insert into campaign (campaignId, newVotersRegistered, dateLaunched, candidateId) values (14, 58, '10/3/2023', '31');
insert into campaign (campaignId, newVotersRegistered, dateLaunched, candidateId) values (15, 31, '8/22/2023', '27');
insert into campaign (campaignId, newVotersRegistered, dateLaunched, candidateId) values (16, 100, '9/14/2023', '26');
insert into campaign (campaignId, newVotersRegistered, dateLaunched, candidateId) values (17, 24, '2/18/2024', '14');
insert into campaign (campaignId, newVotersRegistered, dateLaunched, candidateId) values (18, 36, '5/16/2024', '29');
insert into campaign (campaignId, newVotersRegistered, dateLaunched, candidateId) values (19, 95, '6/3/2024', '12');
insert into campaign (campaignId, newVotersRegistered, dateLaunched, candidateId) values (20, 13, '11/2/2023', '30');
insert into campaign (campaignId, newVotersRegistered, dateLaunched, candidateId) values (21, 42, '10/11/2023', '28');
insert into campaign (campaignId, newVotersRegistered, dateLaunched, candidateId) values (22, 5, '10/14/2023', '19');
insert into campaign (campaignId, newVotersRegistered, dateLaunched, candidateId) values (23, 60, '5/3/2024', '35');
insert into campaign (campaignId, newVotersRegistered, dateLaunched, candidateId) values (24, 88, '9/29/2023', '11');
insert into campaign (campaignId, newVotersRegistered, dateLaunched, candidateId) values (25, 30, '6/13/2024', '22');
insert into campaign (campaignId, newVotersRegistered, dateLaunched, candidateId) values (26, 70, '2/21/2024', '16');
insert into campaign (campaignId, newVotersRegistered, dateLaunched, candidateId) values (27, 97, '2/15/2024', '20');
insert into campaign (campaignId, newVotersRegistered, dateLaunched, candidateId) values (28, 66, '8/20/2023', '8');
insert into campaign (campaignId, newVotersRegistered, dateLaunched, candidateId) values (29, 27, '9/3/2023', '24');
insert into campaign (campaignId, newVotersRegistered, dateLaunched, candidateId) values (30, 46, '10/26/2023', '3');
insert into campaign (campaignId, newVotersRegistered, dateLaunched, candidateId) values (31, 38, '6/8/2024', '25');
insert into campaign (campaignId, newVotersRegistered, dateLaunched, candidateId) values (32, 26, '4/14/2024', '21');
insert into campaign (campaignId, newVotersRegistered, dateLaunched, candidateId) values (33, 23, '5/10/2024', '23');
insert into campaign (campaignId, newVotersRegistered, dateLaunched, candidateId) values (34, 83, '7/6/2024', '10');
insert into campaign (campaignId, newVotersRegistered, dateLaunched, candidateId) values (35, 83, '11/20/2023', '17');

insert into advertisement (campaignId, advertisementId, location, cost, interactions) values ('24', 1, 'bus stop', '$7864.03', 3540);
insert into advertisement (campaignId, advertisementId, location, cost, interactions) values ('18', 2, 'taxi cab', '$8746.56', 7231);
insert into advertisement (campaignId, advertisementId, location, cost, interactions) values ('5', 3, 'bus stop', '$6149.49', 5832);
insert into advertisement (campaignId, advertisementId, location, cost, interactions) values ('3', 4, 'billboard', '$2660.71', 5255);
insert into advertisement (campaignId, advertisementId, location, cost, interactions) values ('7', 5, 'elevator', '$975.84', 6644);
insert into advertisement (campaignId, advertisementId, location, cost, interactions) values ('16', 6, 'taxi cab', '$9673.35', 3889);
insert into advertisement (campaignId, advertisementId, location, cost, interactions) values ('12', 7, 'magazine ad', '$8858.83', 3033);
insert into advertisement (campaignId, advertisementId, location, cost, interactions) values ('6', 8, 'mobile app', '$5795.84', 3505);
insert into advertisement (campaignId, advertisementId, location, cost, interactions) values ('28', 9, 'magazine ad', '$8978.78', 9817);
insert into advertisement (campaignId, advertisementId, location, cost, interactions) values ('8', 10, 'mobile app', '$6781.46', 1485);
insert into advertisement (campaignId, advertisementId, location, cost, interactions) values ('27', 11, 'bus stop', '$7650.66', 6220);
insert into advertisement (campaignId, advertisementId, location, cost, interactions) values ('22', 12, 'taxi cab', '$8065.70', 6688);
insert into advertisement (campaignId, advertisementId, location, cost, interactions) values ('32', 13, 'website banner', '$3614.71', 5494);
insert into advertisement (campaignId, advertisementId, location, cost, interactions) values ('34', 14, 'street corner', '$3683.72', 9740);
insert into advertisement (campaignId, advertisementId, location, cost, interactions) values ('19', 15, 'taxi cab', '$1823.95', 9863);
insert into advertisement (campaignId, advertisementId, location, cost, interactions) values ('17', 16, 'website banner', '$2502.93', 5772);
insert into advertisement (campaignId, advertisementId, location, cost, interactions) values ('21', 17, 'park bench', '$8323.81', 85);
insert into advertisement (campaignId, advertisementId, location, cost, interactions) values ('9', 18, 'website banner', '$8163.29', 2774);
insert into advertisement (campaignId, advertisementId, location, cost, interactions) values ('20', 19, 'radio commercial', '$4944.73', 1948);
insert into advertisement (campaignId, advertisementId, location, cost, interactions) values ('29', 20, 'online video platform', '$2175.64', 2198);
insert into advertisement (campaignId, advertisementId, location, cost, interactions) values ('26', 21, 'gas station', '$3334.11', 7656);
insert into advertisement (campaignId, advertisementId, location, cost, interactions) values ('1', 22, 'subway station', '$5703.44', 5192);
insert into advertisement (campaignId, advertisementId, location, cost, interactions) values ('14', 23, 'mobile app', '$1439.19', 601);
insert into advertisement (campaignId, advertisementId, location, cost, interactions) values ('30', 24, 'bus stop', '$3335.26', 216);
insert into advertisement (campaignId, advertisementId, location, cost, interactions) values ('10', 25, 'online video platform', '$5425.39', 1071);
insert into advertisement (campaignId, advertisementId, location, cost, interactions) values ('4', 26, 'taxi cab', '$2849.88', 4465);
insert into advertisement (campaignId, advertisementId, location, cost, interactions) values ('35', 27, 'taxi cab', '$7803.03', 586);
insert into advertisement (campaignId, advertisementId, location, cost, interactions) values ('15', 28, 'bus shelter', '$9184.07', 7041);
insert into advertisement (campaignId, advertisementId, location, cost, interactions) values ('2', 29, 'online video platform', '$5752.39', 4057);
insert into advertisement (campaignId, advertisementId, location, cost, interactions) values ('25', 30, 'gas station', '$2674.74', 5792);
insert into advertisement (campaignId, advertisementId, location, cost, interactions) values ('11', 31, 'coffee shop', '$4032.58', 5653);
insert into advertisement (campaignId, advertisementId, location, cost, interactions) values ('33', 32, 'movie theater', '$8312.61', 5989);
insert into advertisement (campaignId, advertisementId, location, cost, interactions) values ('13', 33, 'street corner', '$1535.98', 8370);
insert into advertisement (campaignId, advertisementId, location, cost, interactions) values ('31', 34, 'bus stop', '$6929.97', 6528);
insert into advertisement (campaignId, advertisementId, location, cost, interactions) values ('23', 35, 'bus stop', '$886.96', 8);
insert into advertisement (campaignId, advertisementId, location, cost, interactions) values ('9', 36, 'elevator', '$7042.73', 3572);
insert into advertisement (campaignId, advertisementId, location, cost, interactions) values ('21', 37, 'taxi cab', '$9349.31', 5955);
insert into advertisement (campaignId, advertisementId, location, cost, interactions) values ('25', 38, 'taxi cab', '$7277.32', 2229);
insert into advertisement (campaignId, advertisementId, location, cost, interactions) values ('19', 39, 'park bench', '$567.16', 2107);
insert into advertisement (campaignId, advertisementId, location, cost, interactions) values ('20', 40, 'airport', '$3501.34', 8002);
insert into advertisement (campaignId, advertisementId, location, cost, interactions) values ('2', 41, 'magazine ad', '$1770.54', 8995);
insert into advertisement (campaignId, advertisementId, location, cost, interactions) values ('18', 42, 'park bench', '$8263.17', 4639);
insert into advertisement (campaignId, advertisementId, location, cost, interactions) values ('30', 43, 'movie theater', '$1586.06', 1049);
insert into advertisement (campaignId, advertisementId, location, cost, interactions) values ('12', 44, 'magazine ad', '$6930.20', 4964);
insert into advertisement (campaignId, advertisementId, location, cost, interactions) values ('6', 45, 'bus stop', '$5526.31', 3418);

insert into policy (policyId, policyName, stance) values (1, 'Auto Insurance Policy', 'placerat praesent blandit nam nulla integer pede justo lacinia eget tincidunt eget tempus vel pede morbi porttitor lorem id ligula suspendisse ornare consequat lectus');
insert into policy (policyId, policyName, stance) values (2, 'Travel Insurance Policy', 'eu nibh quisque id justo sit amet sapien dignissim vestibulum vestibulum ante ipsum primis in faucibus orci luctus et ultrices posuere cubilia curae nulla dapibus');
insert into policy (policyId, policyName, stance) values (3, 'Pet Insurance Policy', 'congue etiam justo etiam pretium iaculis justo in hac habitasse platea dictumst etiam faucibus cursus urna');
insert into policy (policyId, policyName, stance) values (4, 'Renter''s Insurance Policy', 'convallis nulla neque libero convallis eget eleifend luctus ultricies eu nibh quisque id justo sit amet');
insert into policy (policyId, policyName, stance) values (5, 'Life Insurance Policy', 'ante ipsum primis in faucibus orci luctus et ultrices posuere cubilia curae donec pharetra magna vestibulum aliquet ultrices erat tortor sollicitudin mi sit amet lobortis sapien sapien non mi integer');
insert into policy (policyId, policyName, stance) values (6, 'Health Insurance Policy', 'odio odio elementum eu interdum eu tincidunt in leo maecenas pulvinar lobortis est phasellus');
insert into policy (policyId, policyName, stance) values (7, 'Business Insurance Policy', 'amet eros suspendisse accumsan tortor quis turpis sed ante vivamus tortor duis mattis egestas metus aenean fermentum donec ut mauris eget massa tempor convallis nulla neque libero convallis');
insert into policy (policyId, policyName, stance) values (8, 'Health Insurance Policy', 'sed lacus morbi sem mauris laoreet ut rhoncus aliquet pulvinar sed nisl nunc rhoncus');
insert into policy (policyId, policyName, stance) values (9, 'Auto Insurance Policy', 'sapien varius ut blandit non interdum in ante vestibulum ante ipsum primis in faucibus orci luctus et ultrices posuere cubilia curae duis faucibus');
insert into policy (policyId, policyName, stance) values (10, 'Pet Insurance Policy', 'malesuada in imperdiet et commodo vulputate justo in blandit ultrices enim lorem ipsum dolor sit amet consectetuer adipiscing elit proin interdum');
insert into policy (policyId, policyName, stance) values (11, 'Auto Insurance Policy', 'cras non velit nec nisi vulputate nonummy maecenas tincidunt lacus');
insert into policy (policyId, policyName, stance) values (12, 'Auto Insurance Policy', 'in est risus auctor sed tristique in tempus sit amet sem fusce consequat nulla nisl nunc nisl duis bibendum felis sed');
insert into policy (policyId, policyName, stance) values (13, 'Business Insurance Policy', 'pede lobortis ligula sit amet eleifend pede libero quis orci nullam molestie nibh in lectus');
insert into policy (policyId, policyName, stance) values (14, 'Travel Insurance Policy', 'elit ac nulla sed vel enim sit amet nunc viverra dapibus nulla suscipit ligula in lacus curabitur at ipsum ac tellus semper interdum mauris');
insert into policy (policyId, policyName, stance) values (15, 'Life Insurance Policy', 'magnis dis parturient montes nascetur ridiculus mus vivamus vestibulum sagittis sapien cum sociis natoque');
insert into policy (policyId, policyName, stance) values (16, 'Earthquake Insurance Policy', 'lacus at velit vivamus vel nulla eget eros elementum pellentesque quisque porta volutpat erat quisque erat eros viverra eget congue eget semper rutrum nulla nunc purus phasellus in felis donec');
insert into policy (policyId, policyName, stance) values (17, 'Renter''s Insurance Policy', 'non velit nec nisi vulputate nonummy maecenas tincidunt lacus at');
insert into policy (policyId, policyName, stance) values (18, 'Auto Insurance Policy', 'dapibus nulla suscipit ligula in lacus curabitur at ipsum ac tellus semper interdum mauris ullamcorper purus sit amet nulla');
insert into policy (policyId, policyName, stance) values (19, 'Business Insurance Policy', 'justo pellentesque viverra pede ac diam cras pellentesque volutpat dui');
insert into policy (policyId, policyName, stance) values (20, 'Health Insurance Policy', 'quisque porta volutpat erat quisque erat eros viverra eget congue eget semper rutrum nulla nunc purus phasellus in felis donec semper sapien a libero');
insert into policy (policyId, policyName, stance) values (21, 'Business Insurance Policy', 'amet nunc viverra dapibus nulla suscipit ligula in lacus curabitur at ipsum ac tellus semper interdum mauris ullamcorper purus sit amet');
insert into policy (policyId, policyName, stance) values (22, 'Renter''s Insurance Policy', 'et magnis dis parturient montes nascetur ridiculus mus vivamus vestibulum sagittis sapien cum sociis natoque penatibus et magnis dis parturient montes nascetur');
insert into policy (policyId, policyName, stance) values (23, 'Home Insurance Policy', 'non ligula pellentesque ultrices phasellus id sapien in sapien iaculis congue');
insert into policy (policyId, policyName, stance) values (24, 'Auto Insurance Policy', 'praesent blandit lacinia erat vestibulum sed magna at nunc commodo placerat praesent blandit');
insert into policy (policyId, policyName, stance) values (25, 'Travel Insurance Policy', 'orci luctus et ultrices posuere cubilia curae donec pharetra magna vestibulum aliquet ultrices erat tortor sollicitudin mi sit amet lobortis sapien sapien non mi integer ac');
insert into policy (policyId, policyName, stance) values (26, 'Earthquake Insurance Policy', 'placerat ante nulla justo aliquam quis turpis eget elit sodales scelerisque mauris sit');
insert into policy (policyId, policyName, stance) values (27, 'Earthquake Insurance Policy', 'sed tristique in tempus sit amet sem fusce consequat nulla nisl nunc nisl duis bibendum felis sed interdum venenatis turpis enim blandit');
insert into policy (policyId, policyName, stance) values (28, 'Travel Insurance Policy', 'ridiculus mus etiam vel augue vestibulum rutrum rutrum neque aenean auctor gravida sem praesent id massa id nisl venenatis lacinia aenean sit amet justo morbi ut odio cras mi');
insert into policy (policyId, policyName, stance) values (29, 'Travel Insurance Policy', 'leo maecenas pulvinar lobortis est phasellus sit amet erat nulla tempus vivamus in');
insert into policy (policyId, policyName, stance) values (30, 'Renter''s Insurance Policy', 'donec ut dolor morbi vel lectus in quam fringilla rhoncus mauris enim leo rhoncus sed vestibulum sit amet cursus id turpis integer aliquet massa id lobortis convallis tortor risus');
insert into policy (policyId, policyName, stance) values (31, 'Renter''s Insurance Policy', 'nulla tellus in sagittis dui vel nisl duis ac nibh fusce lacus purus aliquet at');
insert into policy (policyId, policyName, stance) values (32, 'Pet Insurance Policy', 'integer non velit donec diam neque vestibulum eget vulputate ut ultrices vel augue vestibulum ante ipsum primis in faucibus orci luctus');
insert into policy (policyId, policyName, stance) values (33, 'Earthquake Insurance Policy', 'platea dictumst morbi vestibulum velit id pretium iaculis diam erat fermentum justo nec condimentum neque sapien placerat ante nulla justo aliquam quis turpis eget elit sodales scelerisque mauris sit');
insert into policy (policyId, policyName, stance) values (34, 'Auto Insurance Policy', 'venenatis non sodales sed tincidunt eu felis fusce posuere felis sed lacus morbi sem mauris laoreet ut rhoncus aliquet');
insert into policy (policyId, policyName, stance) values (35, 'Home Insurance Policy', 'enim blandit mi in porttitor pede justo eu massa donec dapibus duis at velit eu est congue elementum in hac habitasse platea dictumst morbi vestibulum velit id pretium iaculis diam');

insert into advocatesFor (policyId, candidateId) values ('3', 1);
insert into advocatesFor (policyId, candidateId) values ('24', 2);
insert into advocatesFor (policyId, candidateId) values ('2', 3);
insert into advocatesFor (policyId, candidateId) values ('5', 4);
insert into advocatesFor (policyId, candidateId) values ('20', 5);
insert into advocatesFor (policyId, candidateId) values ('4', 6);
insert into advocatesFor (policyId, candidateId) values ('9', 7);
insert into advocatesFor (policyId, candidateId) values ('29', 8);
insert into advocatesFor (policyId, candidateId) values ('35', 9);
insert into advocatesFor (policyId, candidateId) values ('34', 10);
insert into advocatesFor (policyId, candidateId) values ('30', 11);
insert into advocatesFor (policyId, candidateId) values ('17', 12);
insert into advocatesFor (policyId, candidateId) values ('10', 13);
insert into advocatesFor (policyId, candidateId) values ('14', 14);
insert into advocatesFor (policyId, candidateId) values ('23', 15);
insert into advocatesFor (policyId, candidateId) values ('15', 16);
insert into advocatesFor (policyId, candidateId) values ('8', 17);
insert into advocatesFor (policyId, candidateId) values ('31', 18);
insert into advocatesFor (policyId, candidateId) values ('12', 19);
insert into advocatesFor (policyId, candidateId) values ('6', 20);
insert into advocatesFor (policyId, candidateId) values ('26', 21);
insert into advocatesFor (policyId, candidateId) values ('1', 22);
insert into advocatesFor (policyId, candidateId) values ('33', 23);
insert into advocatesFor (policyId, candidateId) values ('13', 24);
insert into advocatesFor (policyId, candidateId) values ('18', 25);
insert into advocatesFor (policyId, candidateId) values ('7', 26);
insert into advocatesFor (policyId, candidateId) values ('16', 27);
insert into advocatesFor (policyId, candidateId) values ('22', 28);
insert into advocatesFor (policyId, candidateId) values ('11', 29);
insert into advocatesFor (policyId, candidateId) values ('32', 30);
insert into advocatesFor (policyId, candidateId) values ('25', 31);
insert into advocatesFor (policyId, candidateId) values ('27', 32);
insert into advocatesFor (policyId, candidateId) values ('21', 33);
insert into advocatesFor (policyId, candidateId) values ('19', 34);
insert into advocatesFor (policyId, candidateId) values ('28', 35);
insert into advocatesFor (policyId, candidateId) values ('15', 36);
insert into advocatesFor (policyId, candidateId) values ('26', 37);
insert into advocatesFor (policyId, candidateId) values ('31', 38);
insert into advocatesFor (policyId, candidateId) values ('9', 39);
insert into advocatesFor (policyId, candidateId) values ('16', 40);
insert into advocatesFor (policyId, candidateId) values ('6', 41);
insert into advocatesFor (policyId, candidateId) values ('4', 42);
insert into advocatesFor (policyId, candidateId) values ('35', 43);
insert into advocatesFor (policyId, candidateId) values ('19', 44);
insert into advocatesFor (policyId, candidateId) values ('18', 45);
insert into advocatesFor (policyId, candidateId) values ('25', 46);
insert into advocatesFor (policyId, candidateId) values ('12', 47);
insert into advocatesFor (policyId, candidateId) values ('24', 48);
insert into advocatesFor (policyId, candidateId) values ('7', 49);
insert into advocatesFor (policyId, candidateId) values ('20', 50);
insert into advocatesFor (policyId, candidateId) values ('27', 51);
insert into advocatesFor (policyId, candidateId) values ('1', 52);
insert into advocatesFor (policyId, candidateId) values ('3', 53);
insert into advocatesFor (policyId, candidateId) values ('23', 54);
insert into advocatesFor (policyId, candidateId) values ('13', 55);
insert into advocatesFor (policyId, candidateId) values ('32', 56);
insert into advocatesFor (policyId, candidateId) values ('33', 57);
insert into advocatesFor (policyId, candidateId) values ('22', 58);
insert into advocatesFor (policyId, candidateId) values ('8', 59);
insert into advocatesFor (policyId, candidateId) values ('5', 60);
insert into advocatesFor (policyId, candidateId) values ('29', 61);
insert into advocatesFor (policyId, candidateId) values ('21', 62);
insert into advocatesFor (policyId, candidateId) values ('17', 63);
insert into advocatesFor (policyId, candidateId) values ('34', 64);
insert into advocatesFor (policyId, candidateId) values ('2', 65);
insert into advocatesFor (policyId, candidateId) values ('10', 66);
insert into advocatesFor (policyId, candidateId) values ('28', 67);
insert into advocatesFor (policyId, candidateId) values ('14', 68);
insert into advocatesFor (policyId, candidateId) values ('30', 69);
insert into advocatesFor (policyId, candidateId) values ('11', 70);
insert into advocatesFor (policyId, candidateId) values ('30', 71);
insert into advocatesFor (policyId, candidateId) values ('22', 72);
insert into advocatesFor (policyId, candidateId) values ('31', 73);
insert into advocatesFor (policyId, candidateId) values ('11', 74);
insert into advocatesFor (policyId, candidateId) values ('3', 75);
insert into advocatesFor (policyId, candidateId) values ('19', 76);
insert into advocatesFor (policyId, candidateId) values ('6', 77);
insert into advocatesFor (policyId, candidateId) values ('24', 78);
insert into advocatesFor (policyId, candidateId) values ('28', 79);
insert into advocatesFor (policyId, candidateId) values ('13', 80);
insert into advocatesFor (policyId, candidateId) values ('26', 81);
insert into advocatesFor (policyId, candidateId) values ('32', 82);
insert into advocatesFor (policyId, candidateId) values ('27', 83);
insert into advocatesFor (policyId, candidateId) values ('4', 84);
insert into advocatesFor (policyId, candidateId) values ('2', 85);
insert into advocatesFor (policyId, candidateId) values ('8', 86);
insert into advocatesFor (policyId, candidateId) values ('14', 87);
insert into advocatesFor (policyId, candidateId) values ('17', 88);
insert into advocatesFor (policyId, candidateId) values ('21', 89);
insert into advocatesFor (policyId, candidateId) values ('9', 90);
insert into advocatesFor (policyId, candidateId) values ('29', 91);
insert into advocatesFor (policyId, candidateId) values ('18', 92);
insert into advocatesFor (policyId, candidateId) values ('35', 93);
insert into advocatesFor (policyId, candidateId) values ('10', 94);
insert into advocatesFor (policyId, candidateId) values ('15', 95);
insert into advocatesFor (policyId, candidateId) values ('1', 96);
insert into advocatesFor (policyId, candidateId) values ('25', 97);
insert into advocatesFor (policyId, candidateId) values ('33', 98);
insert into advocatesFor (policyId, candidateId) values ('34', 99);
insert into advocatesFor (policyId, candidateId) values ('16', 100);

insert into votingCenter (votingCenterId, street, city, state, zipcode) values (1, '342 Beilfuss Alley', 'Meadowbrook', 'NY', '39646');
insert into votingCenter (votingCenterId, street, city, state, zipcode) values (2, '49637 Ronald Regan Park', 'Woodland Hills', 'TX', '05556');
insert into votingCenter (votingCenterId, street, city, state, zipcode) values (3, '5 Oakridge Point', 'Brookside', 'NY', '01204');
insert into votingCenter (votingCenterId, street, city, state, zipcode) values (4, '7 Trailsway Street', 'Lakeview', 'TX', '88437');
insert into votingCenter (votingCenterId, street, city, state, zipcode) values (5, '7 Meadow Vale Terrace', 'Meadowbrook', 'AZ', '25416');
insert into votingCenter (votingCenterId, street, city, state, zipcode) values (6, '529 Erie Park', 'Pleasant Valley', 'TX', '83541');
insert into votingCenter (votingCenterId, street, city, state, zipcode) values (7, '933 Melby Park', 'Silver Springs', 'CO', '07942');
insert into votingCenter (votingCenterId, street, city, state, zipcode) values (8, '79 Algoma Court', 'Pleasant Valley', 'AZ', '23262');
insert into votingCenter (votingCenterId, street, city, state, zipcode) values (9, '59795 Artisan Hill', 'Riverdale', 'TX', '85525');
insert into votingCenter (votingCenterId, street, city, state, zipcode) values (10, '5 Weeping Birch Crossing', 'Oakdale', 'KS', '37966');
insert into votingCenter (votingCenterId, street, city, state, zipcode) values (11, '109 East Plaza', 'Clearwater', 'NY', '23486');
insert into votingCenter (votingCenterId, street, city, state, zipcode) values (12, '71 Pierstorff Park', 'Windsor Park', 'CA', '70024');
insert into votingCenter (votingCenterId, street, city, state, zipcode) values (13, '93323 Forster Hill', 'Pine Valley', 'FL', '93332');
insert into votingCenter (votingCenterId, street, city, state, zipcode) values (14, '6527 Cascade Center', 'Sunnydale', 'TX', '48705');
insert into votingCenter (votingCenterId, street, city, state, zipcode) values (15, '9 Hollow Ridge Avenue', 'Hickory Hills', 'CA', '69528');
insert into votingCenter (votingCenterId, street, city, state, zipcode) values (16, '75 Florence Way', 'Cedar Ridge', 'TX', '13264');
insert into votingCenter (votingCenterId, street, city, state, zipcode) values (17, '5 Mockingbird Way', 'Fairview', 'KY', '79219');
insert into votingCenter (votingCenterId, street, city, state, zipcode) values (18, '6251 Sheridan Drive', 'Hickory Hills', 'IN', '89877');
insert into votingCenter (votingCenterId, street, city, state, zipcode) values (19, '9447 Graceland Terrace', 'Windsor Park', 'GA', '11977');
insert into votingCenter (votingCenterId, street, city, state, zipcode) values (20, '391 Golf Junction', 'Pine Valley', 'OH', '04931');
insert into votingCenter (votingCenterId, street, city, state, zipcode) values (21, '91 Cody Place', 'Valley Forge', 'LA', '24830');
insert into votingCenter (votingCenterId, street, city, state, zipcode) values (22, '75821 Armistice Avenue', 'Lakeview', 'DC', '00332');
insert into votingCenter (votingCenterId, street, city, state, zipcode) values (23, '434 Forest Run Plaza', 'Briarwood', 'SC', '54762');
insert into votingCenter (votingCenterId, street, city, state, zipcode) values (24, '6 Mockingbird Park', 'Greenwood', 'AZ', '10343');
insert into votingCenter (votingCenterId, street, city, state, zipcode) values (25, '792 Knutson Lane', 'Brookside', 'OK', '50842');
insert into votingCenter (votingCenterId, street, city, state, zipcode) values (26, '81 Toban Point', 'Sunset Hills', 'MN', '29307');
insert into votingCenter (votingCenterId, street, city, state, zipcode) values (27, '44 Grasskamp Junction', 'Briarwood', 'CT', '54515');
insert into votingCenter (votingCenterId, street, city, state, zipcode) values (28, '97 Pearson Drive', 'Hillcrest', 'MI', '29849');
insert into votingCenter (votingCenterId, street, city, state, zipcode) values (29, '3153 Westridge Junction', 'Springfield', 'NY', '46715');
insert into votingCenter (votingCenterId, street, city, state, zipcode) values (30, '10536 Little Fleur Place', 'Meadowbrook', 'LA', '68400');
insert into votingCenter (votingCenterId, street, city, state, zipcode) values (31, '9 Hintze Point', 'Oakdale', 'LA', '04229');
insert into votingCenter (votingCenterId, street, city, state, zipcode) values (32, '6857 Blue Bill Park Pass', 'Clearwater', 'NY', '05227');
insert into votingCenter (votingCenterId, street, city, state, zipcode) values (33, '51 Tony Place', 'Chestnut Ridge', 'FL', '90406');
insert into votingCenter (votingCenterId, street, city, state, zipcode) values (34, '9733 Cherokee Pass', 'Golden Grove', 'DC', '85320');
insert into votingCenter (votingCenterId, street, city, state, zipcode) values (35, '355 Bobwhite Circle', 'Oakdale', 'NY', '45594');

insert into voter (voterId, politicalAffiliation, state, county, age, incomeLevel, ethnicity, gender, candidateId, votingCenterId) values (1, 'Democrat', 'Oregon', 'Maplewood County', 60, 'Middle Eastern', 'Middle', 'Non-binary', '10', '17');
insert into voter (voterId, politicalAffiliation, state, county, age, incomeLevel, ethnicity, gender, candidateId, votingCenterId) values (2, 'Democrat', 'West Virginia', 'Whispering Pines County', 12, 'Mixed Race', 'Upper Middle', 'Male', '15', '31');
insert into voter (voterId, politicalAffiliation, state, county, age, incomeLevel, ethnicity, gender, candidateId, votingCenterId) values (3, 'Independent', 'District of Columbia', 'Willow Creek County', 93, 'Japanese American', 'Low', 'Female', '13', '5');
insert into voter (voterId, politicalAffiliation, state, county, age, incomeLevel, ethnicity, gender, candidateId, votingCenterId) values (4, 'Independent', 'Maryland', 'Whispering Pines County', 52, 'Japanese American', 'Middle', 'Female', '17', '29');
insert into voter (voterId, politicalAffiliation, state, county, age, incomeLevel, ethnicity, gender, candidateId, votingCenterId) values (5, 'Republican', 'Texas', 'Cedar Grove County', 83, 'Filipino American', 'Middle', 'Male', '29', '24');
insert into voter (voterId, politicalAffiliation, state, county, age, incomeLevel, ethnicity, gender, candidateId, votingCenterId) values (6, 'Democrat', 'Florida', 'Mountainview County', 24, 'European American', 'Low', 'Female', '20', '35');
insert into voter (voterId, politicalAffiliation, state, county, age, incomeLevel, ethnicity, gender, candidateId, votingCenterId) values (7, 'Democrat', 'Virginia', 'Fairview County', 37, 'Native American', 'Middle', 'Male', '34', '6');
insert into voter (voterId, politicalAffiliation, state, county, age, incomeLevel, ethnicity, gender, candidateId, votingCenterId) values (8, 'Democrat', 'Louisiana', 'Golden Hills County', 62, 'Filipino American', 'Upper Middle', 'Male', '28', '27');
insert into voter (voterId, politicalAffiliation, state, county, age, incomeLevel, ethnicity, gender, candidateId, votingCenterId) values (9, 'Independent', 'Minnesota', 'Springfield County', 78, 'Mixed Race', 'High', 'Female', '30', '20');
insert into voter (voterId, politicalAffiliation, state, county, age, incomeLevel, ethnicity, gender, candidateId, votingCenterId) values (10, 'Independent', 'Ohio', 'Jefferson County', 70, 'Mexican American', 'Low', 'Female', '3', '21');
insert into voter (voterId, politicalAffiliation, state, county, age, incomeLevel, ethnicity, gender, candidateId, votingCenterId) values (11, 'Democrat', 'South Carolina', 'Pleasantville County', 34, 'Iranian American', 'Middle', 'Female', '21', '22');
insert into voter (voterId, politicalAffiliation, state, county, age, incomeLevel, ethnicity, gender, candidateId, votingCenterId) values (12, 'Independent', 'Kentucky', 'Willow Creek County', 97, 'South Asian', 'Low', 'Male', '24', '3');
insert into voter (voterId, politicalAffiliation, state, county, age, incomeLevel, ethnicity, gender, candidateId, votingCenterId) values (13, 'Democrat', 'Nevada', 'Lakeside County', 71, 'South Asian', 'Low', 'Female', '4', '30');
insert into voter (voterId, politicalAffiliation, state, county, age, incomeLevel, ethnicity, gender, candidateId, votingCenterId) values (14, 'Republican', 'Texas', 'Golden Hills County', 62, 'Chinese American', 'High', 'Female', '2', '11');
insert into voter (voterId, politicalAffiliation, state, county, age, incomeLevel, ethnicity, gender, candidateId, votingCenterId) values (15, 'Democrat', 'Massachusetts', 'Willow Creek County', 83, 'Mixed Race', 'High', 'Male', '27', '19');
insert into voter (voterId, politicalAffiliation, state, county, age, incomeLevel, ethnicity, gender, candidateId, votingCenterId) values (16, 'Republican', 'Connecticut', 'Hillcrest County', 86, 'Hispanic', 'High', 'Female', '14', '14');
insert into voter (voterId, politicalAffiliation, state, county, age, incomeLevel, ethnicity, gender, candidateId, votingCenterId) values (17, 'Republican', 'California', 'Washington County', 88, 'White', 'High', 'Male', '9', '34');
insert into voter (voterId, politicalAffiliation, state, county, age, incomeLevel, ethnicity, gender, candidateId, votingCenterId) values (18, 'Democrat', 'Texas', 'Cedar Grove County', 73, 'Pacific Islander', 'Upper Middle', 'Male', '16', '10');
insert into voter (voterId, politicalAffiliation, state, county, age, incomeLevel, ethnicity, gender, candidateId, votingCenterId) values (19, 'Republican', 'West Virginia', 'Cedar Grove County', 8, 'Native Hawaiian', 'Lower Middle', 'Female', '8', '7');
insert into voter (voterId, politicalAffiliation, state, county, age, incomeLevel, ethnicity, gender, candidateId, votingCenterId) values (20, 'Independent', 'Texas', 'Washington County', 28, 'Iranian American', 'Low', 'Male', '31', '8');
insert into voter (voterId, politicalAffiliation, state, county, age, incomeLevel, ethnicity, gender, candidateId, votingCenterId) values (21, 'Independent', 'Minnesota', 'Mountainview County', 90, 'Mixed Race', 'High', 'Non-binary', '1', '12');
insert into voter (voterId, politicalAffiliation, state, county, age, incomeLevel, ethnicity, gender, candidateId, votingCenterId) values (22, 'Democrat', 'Georgia', 'Maplewood County', 9, 'Latino', 'Low', 'Female', '5', '2');
insert into voter (voterId, politicalAffiliation, state, county, age, incomeLevel, ethnicity, gender, candidateId, votingCenterId) values (23, 'Democrat', 'Massachusetts', 'Harborview County', 16, 'Black', 'Low', 'Male', '23', '16');
insert into voter (voterId, politicalAffiliation, state, county, age, incomeLevel, ethnicity, gender, candidateId, votingCenterId) values (24, 'Republican', 'Michigan', 'Mountainview County', 91, 'Black', 'Middle', 'Polygender', '33', '28');
insert into voter (voterId, politicalAffiliation, state, county, age, incomeLevel, ethnicity, gender, candidateId, votingCenterId) values (25, 'Democrat', 'Indiana', 'Jefferson County', 77, 'South Asian', 'Middle', 'Non-binary', '26', '1');
insert into voter (voterId, politicalAffiliation, state, county, age, incomeLevel, ethnicity, gender, candidateId, votingCenterId) values (26, 'Republican', 'California', 'Meadowbrook County', 7, 'Filipino American', 'Low', 'Male', '32', '23');
insert into voter (voterId, politicalAffiliation, state, county, age, incomeLevel, ethnicity, gender, candidateId, votingCenterId) values (27, 'Republican', 'Texas', 'Greenwood County', 100, 'Indigenous', 'High', 'Male', '18', '4');
insert into voter (voterId, politicalAffiliation, state, county, age, incomeLevel, ethnicity, gender, candidateId, votingCenterId) values (28, 'Republican', 'Utah', 'Sunnydale County', 86, 'Arab American', 'Upper Middle', 'Female', '6', '26');
insert into voter (voterId, politicalAffiliation, state, county, age, incomeLevel, ethnicity, gender, candidateId, votingCenterId) values (29, 'Independent', 'Texas', 'Oak Ridge County', 33, 'Japanese American', 'Low', 'Female', '19', '18');
insert into voter (voterId, politicalAffiliation, state, county, age, incomeLevel, ethnicity, gender, candidateId, votingCenterId) values (30, 'Independent', 'Indiana', 'Sunnydale County', 12, 'Middle Eastern', 'Upper Middle', 'Female', '22', '33');
insert into voter (voterId, politicalAffiliation, state, county, age, incomeLevel, ethnicity, gender, candidateId, votingCenterId) values (31, 'Republican', 'Missouri', 'Lakeside County', 3, 'Mixed Race', 'Middle', 'Male', '7', '15');
insert into voter (voterId, politicalAffiliation, state, county, age, incomeLevel, ethnicity, gender, candidateId, votingCenterId) values (32, 'Democrat', 'Texas', 'Jefferson County', 4, 'Vietnamese American', 'Lower Middle', 'Female', '12', '13');
insert into voter (voterId, politicalAffiliation, state, county, age, incomeLevel, ethnicity, gender, candidateId, votingCenterId) values (33, 'Independent', 'California', 'Greenwood County', 68, 'White', 'Low', 'Male', '11', '9');
insert into voter (voterId, politicalAffiliation, state, county, age, incomeLevel, ethnicity, gender, candidateId, votingCenterId) values (34, 'Independent', 'California', 'Riverdale County', 61, 'Vietnamese American', 'Middle', 'Male', '35', '25');
insert into voter (voterId, politicalAffiliation, state, county, age, incomeLevel, ethnicity, gender, candidateId, votingCenterId) values (35, 'Independent', 'Utah', 'Oak Ridge County', 34, 'South Asian', 'High', 'Male', '25', '32');

-- rally, advertisement, campaignManagerSiteSurvey, campaignFeaturesAccessed
insert into rally (campaignId, rallyId, state, cost, volunteerCount, expectedAttendance, actualAttendance) values ('19', 1, 'Texas', '$6770.35', 'Female', 3736, 2914);
insert into rally (campaignId, rallyId, state, cost, volunteerCount, expectedAttendance, actualAttendance) values ('10', 2, 'Tennessee', '$1583.66', 'Female', 195, 7387);
insert into rally (campaignId, rallyId, state, cost, volunteerCount, expectedAttendance, actualAttendance) values ('23', 3, 'District of Columbia', '$3409.89', 'Male', 4028, 8188);
insert into rally (campaignId, rallyId, state, cost, volunteerCount, expectedAttendance, actualAttendance) values ('30', 4, 'Texas', '$3683.59', 'Male', 8833, 9075);
insert into rally (campaignId, rallyId, state, cost, volunteerCount, expectedAttendance, actualAttendance) values ('29', 5, 'Ohio', '$8143.48', 'Male', 758, 9751);
insert into rally (campaignId, rallyId, state, cost, volunteerCount, expectedAttendance, actualAttendance) values ('26', 6, 'Alabama', '$2663.23', 'Female', 8311, 7903);
insert into rally (campaignId, rallyId, state, cost, volunteerCount, expectedAttendance, actualAttendance) values ('7', 7, 'West Virginia', '$6661.83', 'Female', 3307, 6499);
insert into rally (campaignId, rallyId, state, cost, volunteerCount, expectedAttendance, actualAttendance) values ('15', 8, 'Idaho', '$5091.37', 'Non-binary', 3478, 1087);
insert into rally (campaignId, rallyId, state, cost, volunteerCount, expectedAttendance, actualAttendance) values ('13', 9, 'Florida', '$1366.87', 'Genderqueer', 6155, 7750);
insert into rally (campaignId, rallyId, state, cost, volunteerCount, expectedAttendance, actualAttendance) values ('1', 10, 'Virginia', '$3559.06', 'Male', 7485, 1661);
insert into rally (campaignId, rallyId, state, cost, volunteerCount, expectedAttendance, actualAttendance) values ('11', 11, 'California', '$7928.93', 'Male', 2663, 6555);
insert into rally (campaignId, rallyId, state, cost, volunteerCount, expectedAttendance, actualAttendance) values ('17', 12, 'Texas', '$1130.79', 'Male', 7790, 3086);
insert into rally (campaignId, rallyId, state, cost, volunteerCount, expectedAttendance, actualAttendance) values ('35', 13, 'Iowa', '$9953.49', 'Female', 3002, 7147);
insert into rally (campaignId, rallyId, state, cost, volunteerCount, expectedAttendance, actualAttendance) values ('4', 14, 'Nevada', '$2845.22', 'Genderqueer', 8523, 3690);
insert into rally (campaignId, rallyId, state, cost, volunteerCount, expectedAttendance, actualAttendance) values ('6', 15, 'Arizona', '$701.13', 'Female', 7308, 5782);
insert into rally (campaignId, rallyId, state, cost, volunteerCount, expectedAttendance, actualAttendance) values ('34', 16, 'Texas', '$4579.05', 'Male', 4693, 9769);
insert into rally (campaignId, rallyId, state, cost, volunteerCount, expectedAttendance, actualAttendance) values ('31', 17, 'Texas', '$126.84', 'Female', 3545, 1303);
insert into rally (campaignId, rallyId, state, cost, volunteerCount, expectedAttendance, actualAttendance) values ('27', 18, 'Minnesota', '$1272.94', 'Female', 3420, 9416);
insert into rally (campaignId, rallyId, state, cost, volunteerCount, expectedAttendance, actualAttendance) values ('5', 19, 'Washington', '$4471.25', 'Female', 4477, 805);
insert into rally (campaignId, rallyId, state, cost, volunteerCount, expectedAttendance, actualAttendance) values ('20', 20, 'Ohio', '$7961.54', 'Male', 48, 9641);
insert into rally (campaignId, rallyId, state, cost, volunteerCount, expectedAttendance, actualAttendance) values ('21', 21, 'Florida', '$6976.14', 'Female', 834, 6119);
insert into rally (campaignId, rallyId, state, cost, volunteerCount, expectedAttendance, actualAttendance) values ('24', 22, 'California', '$119.57', 'Male', 6129, 2754);
insert into rally (campaignId, rallyId, state, cost, volunteerCount, expectedAttendance, actualAttendance) values ('12', 23, 'Nevada', '$4914.89', 'Male', 1030, 3262);
insert into rally (campaignId, rallyId, state, cost, volunteerCount, expectedAttendance, actualAttendance) values ('9', 24, 'Florida', '$4790.83', 'Female', 7670, 5134);
insert into rally (campaignId, rallyId, state, cost, volunteerCount, expectedAttendance, actualAttendance) values ('8', 25, 'Arizona', '$5368.83', 'Male', 6464, 2109);
insert into rally (campaignId, rallyId, state, cost, volunteerCount, expectedAttendance, actualAttendance) values ('28', 26, 'Kansas', '$5001.38', 'Male', 5653, 933);
insert into rally (campaignId, rallyId, state, cost, volunteerCount, expectedAttendance, actualAttendance) values ('32', 27, 'Michigan', '$9340.66', 'Male', 5133, 6013);
insert into rally (campaignId, rallyId, state, cost, volunteerCount, expectedAttendance, actualAttendance) values ('25', 28, 'Utah', '$1605.23', 'Male', 8457, 3685);
insert into rally (campaignId, rallyId, state, cost, volunteerCount, expectedAttendance, actualAttendance) values ('18', 29, 'West Virginia', '$9714.53', 'Bigender', 7111, 3538);
insert into rally (campaignId, rallyId, state, cost, volunteerCount, expectedAttendance, actualAttendance) values ('2', 30, 'New Jersey', '$9378.98', 'Female', 4277, 9898);
insert into rally (campaignId, rallyId, state, cost, volunteerCount, expectedAttendance, actualAttendance) values ('14', 31, 'Alabama', '$369.69', 'Male', 524, 4261);
insert into rally (campaignId, rallyId, state, cost, volunteerCount, expectedAttendance, actualAttendance) values ('3', 32, 'Louisiana', '$5906.43', 'Male', 5847, 500);
insert into rally (campaignId, rallyId, state, cost, volunteerCount, expectedAttendance, actualAttendance) values ('16', 33, 'Missouri', '$1616.15', 'Male', 5399, 3795);
insert into rally (campaignId, rallyId, state, cost, volunteerCount, expectedAttendance, actualAttendance) values ('33', 34, 'Iowa', '$7588.04', 'Male', 6345, 6012);
insert into rally (campaignId, rallyId, state, cost, volunteerCount, expectedAttendance, actualAttendance) values ('22', 35, 'Colorado', '$5710.06', 'Male', 3497, 6635);
insert into rally (campaignId, rallyId, state, cost, volunteerCount, expectedAttendance, actualAttendance) values ('19', 36, 'Colorado', '$6184.53', 'Female', 7267, 353);
insert into rally (campaignId, rallyId, state, cost, volunteerCount, expectedAttendance, actualAttendance) values ('35', 37, 'Hawaii', '$8771.04', 'Male', 420, 7658);
insert into rally (campaignId, rallyId, state, cost, volunteerCount, expectedAttendance, actualAttendance) values ('22', 38, 'Missouri', '$5253.01', 'Female', 996, 6077);
insert into rally (campaignId, rallyId, state, cost, volunteerCount, expectedAttendance, actualAttendance) values ('20', 39, 'Virginia', '$7891.81', 'Male', 8758, 8239);
insert into rally (campaignId, rallyId, state, cost, volunteerCount, expectedAttendance, actualAttendance) values ('29', 40, 'Georgia', '$405.91', 'Female', 224, 204);
insert into rally (campaignId, rallyId, state, cost, volunteerCount, expectedAttendance, actualAttendance) values ('5', 41, 'Oklahoma', '$3149.73', 'Female', 9427, 9056);
insert into rally (campaignId, rallyId, state, cost, volunteerCount, expectedAttendance, actualAttendance) values ('1', 42, 'Texas', '$9494.42', 'Female', 3022, 2292);
insert into rally (campaignId, rallyId, state, cost, volunteerCount, expectedAttendance, actualAttendance) values ('21', 43, 'California', '$1729.97', 'Female', 3445, 4553);
insert into rally (campaignId, rallyId, state, cost, volunteerCount, expectedAttendance, actualAttendance) values ('24', 44, 'Nevada', '$3221.83', 'Female', 9642, 7314);
insert into rally (campaignId, rallyId, state, cost, volunteerCount, expectedAttendance, actualAttendance) values ('33', 45, 'Kansas', '$34.90', 'Polygender', 3314, 8911);

insert into advertisement (campaignId, advertisementId, location, cost, interactions) values ('18', 1, 'taxi cab', '$3164.91', 5537);
insert into advertisement (campaignId, advertisementId, location, cost, interactions) values ('26', 2, 'magazine ad', '$9866.00', 1284);
insert into advertisement (campaignId, advertisementId, location, cost, interactions) values ('35', 3, 'magazine ad', '$4022.32', 6072);
insert into advertisement (campaignId, advertisementId, location, cost, interactions) values ('2', 4, 'movie theater', '$1946.25', 6283);
insert into advertisement (campaignId, advertisementId, location, cost, interactions) values ('25', 5, 'social media', '$7580.59', 9519);
insert into advertisement (campaignId, advertisementId, location, cost, interactions) values ('16', 6, 'gas station', '$44.27', 2780);
insert into advertisement (campaignId, advertisementId, location, cost, interactions) values ('15', 7, 'elevator', '$3997.79', 1026);
insert into advertisement (campaignId, advertisementId, location, cost, interactions) values ('3', 8, 'airport', '$5013.21', 7831);
insert into advertisement (campaignId, advertisementId, location, cost, interactions) values ('28', 9, 'magazine ad', '$2947.15', 8180);
insert into advertisement (campaignId, advertisementId, location, cost, interactions) values ('10', 10, 'taxi cab', '$5737.74', 6782);
insert into advertisement (campaignId, advertisementId, location, cost, interactions) values ('23', 11, 'bus shelter', '$4759.53', 8284);
insert into advertisement (campaignId, advertisementId, location, cost, interactions) values ('32', 12, 'billboard', '$2052.27', 6744);
insert into advertisement (campaignId, advertisementId, location, cost, interactions) values ('13', 13, 'park bench', '$796.31', 3755);
insert into advertisement (campaignId, advertisementId, location, cost, interactions) values ('17', 14, 'elevator', '$1240.43', 1511);
insert into advertisement (campaignId, advertisementId, location, cost, interactions) values ('8', 15, 'radio commercial', '$8873.57', 8630);
insert into advertisement (campaignId, advertisementId, location, cost, interactions) values ('9', 16, 'subway station', '$3283.58', 6366);
insert into advertisement (campaignId, advertisementId, location, cost, interactions) values ('4', 17, 'subway station', '$4301.18', 3728);
insert into advertisement (campaignId, advertisementId, location, cost, interactions) values ('31', 18, 'shopping mall', '$3653.31', 3489);
insert into advertisement (campaignId, advertisementId, location, cost, interactions) values ('34', 19, 'sports stadium', '$5299.98', 3149);
insert into advertisement (campaignId, advertisementId, location, cost, interactions) values ('30', 20, 'park bench', '$8086.63', 3380);
insert into advertisement (campaignId, advertisementId, location, cost, interactions) values ('5', 21, 'website banner', '$2064.45', 9461);
insert into advertisement (campaignId, advertisementId, location, cost, interactions) values ('27', 22, 'subway station', '$7990.73', 2954);
insert into advertisement (campaignId, advertisementId, location, cost, interactions) values ('6', 23, 'airport', '$5919.53', 9750);
insert into advertisement (campaignId, advertisementId, location, cost, interactions) values ('22', 24, 'airport', '$9324.44', 8431);
insert into advertisement (campaignId, advertisementId, location, cost, interactions) values ('33', 25, 'radio commercial', '$4871.14', 5053);
insert into advertisement (campaignId, advertisementId, location, cost, interactions) values ('12', 26, 'social media', '$8524.59', 6600);
insert into advertisement (campaignId, advertisementId, location, cost, interactions) values ('21', 27, 'movie theater', '$9860.35', 1906);
insert into advertisement (campaignId, advertisementId, location, cost, interactions) values ('1', 28, 'online video platform', '$7872.19', 5330);
insert into advertisement (campaignId, advertisementId, location, cost, interactions) values ('14', 29, 'coffee shop', '$7726.53', 5947);
insert into advertisement (campaignId, advertisementId, location, cost, interactions) values ('29', 30, 'movie theater', '$893.64', 8306);
insert into advertisement (campaignId, advertisementId, location, cost, interactions) values ('19', 31, 'social media', '$9486.94', 8415);
insert into advertisement (campaignId, advertisementId, location, cost, interactions) values ('20', 32, 'sports stadium', '$9650.63', 6254);
insert into advertisement (campaignId, advertisementId, location, cost, interactions) values ('24', 33, 'taxi cab', '$7904.90', 5668);
insert into advertisement (campaignId, advertisementId, location, cost, interactions) values ('11', 34, 'coffee shop', '$5800.44', 3032);
insert into advertisement (campaignId, advertisementId, location, cost, interactions) values ('7', 35, 'street corner', '$2708.42', 3002);
insert into advertisement (campaignId, advertisementId, location, cost, interactions) values ('25', 36, 'elevator', '$9106.19', 3618);
insert into advertisement (campaignId, advertisementId, location, cost, interactions) values ('26', 37, 'subway station', '$3089.35', 3905);
insert into advertisement (campaignId, advertisementId, location, cost, interactions) values ('15', 38, 'radio commercial', '$1082.67', 3295);
insert into advertisement (campaignId, advertisementId, location, cost, interactions) values ('13', 39, 'gas station', '$542.83', 1046);
insert into advertisement (campaignId, advertisementId, location, cost, interactions) values ('22', 40, 'park bench', '$7500.29', 6551);
insert into advertisement (campaignId, advertisementId, location, cost, interactions) values ('19', 41, 'bus stop', '$9454.16', 7677);
insert into advertisement (campaignId, advertisementId, location, cost, interactions) values ('8', 42, 'coffee shop', '$5683.09', 871);
insert into advertisement (campaignId, advertisementId, location, cost, interactions) values ('31', 43, 'movie theater', '$5167.27', 5082);
insert into advertisement (campaignId, advertisementId, location, cost, interactions) values ('34', 44, 'coffee shop', '$4580.67', 2114);
insert into advertisement (campaignId, advertisementId, location, cost, interactions) values ('10', 45, 'elevator', '$5314.93', 8824);

insert into campaignManagerSiteSurvey (campaignSurveyId, discoveredWhere, addAdditionalData, isDataUseful, foundNeededInfo, isUserFriendly, createdAt, updatedAt) values (1, 'Search Engine', 'voting machine data', true, 5, 2, '2012-02-22 02:48:20', '2018-09-29 12:20:56');
insert into campaignManagerSiteSurvey (campaignSurveyId, discoveredWhere, addAdditionalData, isDataUseful, foundNeededInfo, isUserFriendly, createdAt, updatedAt) values (2, 'Video Platform', 'issue-specific voter guides', true, 6, 4, '2008-06-25 00:32:31', '2009-04-21 22:24:15');
insert into campaignManagerSiteSurvey (campaignSurveyId, discoveredWhere, addAdditionalData, isDataUseful, foundNeededInfo, isUserFriendly, createdAt, updatedAt) values (3, 'Online Forum', 'campaign event schedules', true, 7, 7, '2022-02-04 04:56:38', '2009-06-10 13:45:08');
insert into campaignManagerSiteSurvey (campaignSurveyId, discoveredWhere, addAdditionalData, isDataUseful, foundNeededInfo, isUserFriendly, createdAt, updatedAt) values (4, 'Blog', 'electoral college projections', true, 10, 2, '2014-09-20 16:36:31', '2011-10-10 23:16:35');
insert into campaignManagerSiteSurvey (campaignSurveyId, discoveredWhere, addAdditionalData, isDataUseful, foundNeededInfo, isUserFriendly, createdAt, updatedAt) values (5, 'Online Forum', 'voting machine data', true, 2, 6, '2009-02-08 12:45:54', '2016-07-19 11:59:33');
insert into campaignManagerSiteSurvey (campaignSurveyId, discoveredWhere, addAdditionalData, isDataUseful, foundNeededInfo, isUserFriendly, createdAt, updatedAt) values (6, 'Website', 'candidate fundraising totals', false, 7, 10, '2015-12-09 21:30:47', '2008-09-18 14:24:53');
insert into campaignManagerSiteSurvey (campaignSurveyId, discoveredWhere, addAdditionalData, isDataUseful, foundNeededInfo, isUserFriendly, createdAt, updatedAt) values (7, 'Article', 'voting machine data', true, 2, 9, '2021-07-07 22:38:27', '2016-02-19 10:32:33');
insert into campaignManagerSiteSurvey (campaignSurveyId, discoveredWhere, addAdditionalData, isDataUseful, foundNeededInfo, isUserFriendly, createdAt, updatedAt) values (8, 'Online Advertisement', 'Polling data by region', true, 3, 2, '2020-06-22 01:41:11', '2008-04-29 08:56:49');
insert into campaignManagerSiteSurvey (campaignSurveyId, discoveredWhere, addAdditionalData, isDataUseful, foundNeededInfo, isUserFriendly, createdAt, updatedAt) values (9, 'Newsletter', 'swing state analysis', true, 9, 10, '2024-01-23 21:49:41', '2009-09-25 03:59:47');
insert into campaignManagerSiteSurvey (campaignSurveyId, discoveredWhere, addAdditionalData, isDataUseful, foundNeededInfo, isUserFriendly, createdAt, updatedAt) values (10, 'Video Platform', 'state-by-state election laws', true, 10, 6, '2019-05-10 18:32:58', '2017-07-04 07:10:49');
insert into campaignManagerSiteSurvey (campaignSurveyId, discoveredWhere, addAdditionalData, isDataUseful, foundNeededInfo, isUserFriendly, createdAt, updatedAt) values (11, 'Word of Mouth', 'foreign election interference reports', false, 4, 7, '2009-01-03 01:45:07', '2013-11-10 01:49:09');
insert into campaignManagerSiteSurvey (campaignSurveyId, discoveredWhere, addAdditionalData, isDataUseful, foundNeededInfo, isUserFriendly, createdAt, updatedAt) values (12, 'Newsletter', 'public opinion on key issues', false, 2, 7, '2013-08-14 07:01:56', '2017-08-03 20:55:12');
insert into campaignManagerSiteSurvey (campaignSurveyId, discoveredWhere, addAdditionalData, isDataUseful, foundNeededInfo, isUserFriendly, createdAt, updatedAt) values (13, 'Blog', 'absentee ballot data', true, 7, 8, '2007-02-12 17:36:14', '2015-01-10 16:59:23');
insert into campaignManagerSiteSurvey (campaignSurveyId, discoveredWhere, addAdditionalData, isDataUseful, foundNeededInfo, isUserFriendly, createdAt, updatedAt) values (14, 'Newsletter', 'campaign staff information', false, 5, 4, '2018-06-23 02:38:54', '2015-08-06 22:28:52');
insert into campaignManagerSiteSurvey (campaignSurveyId, discoveredWhere, addAdditionalData, isDataUseful, foundNeededInfo, isUserFriendly, createdAt, updatedAt) values (15, 'Social Media', 'candidate fundraising totals', false, 5, 2, '2023-02-21 22:28:21', '2023-07-11 04:46:17');
insert into campaignManagerSiteSurvey (campaignSurveyId, discoveredWhere, addAdditionalData, isDataUseful, foundNeededInfo, isUserFriendly, createdAt, updatedAt) values (16, 'Blog', 'voter suppression reports', true, 8, 1, '2020-05-03 16:06:50', '2022-08-22 11:42:55');
insert into campaignManagerSiteSurvey (campaignSurveyId, discoveredWhere, addAdditionalData, isDataUseful, foundNeededInfo, isUserFriendly, createdAt, updatedAt) values (17, 'Newsletter', 'electoral college projections', true, 6, 6, '2013-08-22 08:19:32', '2007-09-08 13:54:28');
insert into campaignManagerSiteSurvey (campaignSurveyId, discoveredWhere, addAdditionalData, isDataUseful, foundNeededInfo, isUserFriendly, createdAt, updatedAt) values (18, 'Social Media', 'primary election results', true, 6, 2, '2021-02-21 07:10:30', '2019-10-08 14:26:50');
insert into campaignManagerSiteSurvey (campaignSurveyId, discoveredWhere, addAdditionalData, isDataUseful, foundNeededInfo, isUserFriendly, createdAt, updatedAt) values (19, 'Conference', 'candidate tax records', true, 10, 8, '2017-02-19 06:22:05', '2016-05-13 01:09:26');
insert into campaignManagerSiteSurvey (campaignSurveyId, discoveredWhere, addAdditionalData, isDataUseful, foundNeededInfo, isUserFriendly, createdAt, updatedAt) values (20, 'Social Media', 'issue-specific voter guides', true, 5, 3, '2010-05-24 10:04:56', '2016-11-25 03:18:11');
insert into campaignManagerSiteSurvey (campaignSurveyId, discoveredWhere, addAdditionalData, isDataUseful, foundNeededInfo, isUserFriendly, createdAt, updatedAt) values (21, 'Blog', 'voter registration trends', false, 9, 10, '2019-09-25 19:03:53', '2019-03-30 04:44:39');
insert into campaignManagerSiteSurvey (campaignSurveyId, discoveredWhere, addAdditionalData, isDataUseful, foundNeededInfo, isUserFriendly, createdAt, updatedAt) values (22, 'Online Forum', 'issue-specific voter guides', true, 6, 6, '2006-09-17 05:00:16', '2006-10-05 18:57:46');
insert into campaignManagerSiteSurvey (campaignSurveyId, discoveredWhere, addAdditionalData, isDataUseful, foundNeededInfo, isUserFriendly, createdAt, updatedAt) values (23, 'Blog', 'social media sentiment analysis', true, 3, 4, '2006-07-22 14:29:59', '2009-10-28 10:19:19');
insert into campaignManagerSiteSurvey (campaignSurveyId, discoveredWhere, addAdditionalData, isDataUseful, foundNeededInfo, isUserFriendly, createdAt, updatedAt) values (24, 'Video Platform', 'political ad spending data', true, 6, 6, '2013-03-04 03:03:21', '2006-09-11 00:46:48');
insert into campaignManagerSiteSurvey (campaignSurveyId, discoveredWhere, addAdditionalData, isDataUseful, foundNeededInfo, isUserFriendly, createdAt, updatedAt) values (25, 'Video Platform', 'voter ID law impacts', false, 4, 5, '2011-04-26 21:44:09', '2015-08-02 11:20:30');
insert into campaignManagerSiteSurvey (campaignSurveyId, discoveredWhere, addAdditionalData, isDataUseful, foundNeededInfo, isUserFriendly, createdAt, updatedAt) values (26, 'Newsletter', 'exit poll data', false, 6, 4, '2006-02-04 20:30:28', '2024-04-06 10:34:54');
insert into campaignManagerSiteSurvey (campaignSurveyId, discoveredWhere, addAdditionalData, isDataUseful, foundNeededInfo, isUserFriendly, createdAt, updatedAt) values (27, 'Search Engine', 'voter opinion surveys', true, 2, 10, '2007-12-09 21:18:44', '2013-08-11 04:49:14');
insert into campaignManagerSiteSurvey (campaignSurveyId, discoveredWhere, addAdditionalData, isDataUseful, foundNeededInfo, isUserFriendly, createdAt, updatedAt) values (28, 'Online Forum', 'issue-specific voter guides', false, 1, 4, '2012-09-18 23:33:17', '2010-11-12 02:00:36');
insert into campaignManagerSiteSurvey (campaignSurveyId, discoveredWhere, addAdditionalData, isDataUseful, foundNeededInfo, isUserFriendly, createdAt, updatedAt) values (29, 'Search Engine', 'swing state analysis', false, 1, 9, '2016-09-18 13:43:05', '2017-12-10 07:39:25');
insert into campaignManagerSiteSurvey (campaignSurveyId, discoveredWhere, addAdditionalData, isDataUseful, foundNeededInfo, isUserFriendly, createdAt, updatedAt) values (30, 'Newsletter', 'state-by-state election laws', true, 8, 9, '2017-12-10 11:43:53', '2006-02-22 20:51:27');
insert into campaignManagerSiteSurvey (campaignSurveyId, discoveredWhere, addAdditionalData, isDataUseful, foundNeededInfo, isUserFriendly, createdAt, updatedAt) values (31, 'Video Platform', 'early voting statistics', false, 2, 5, '2014-08-19 23:51:03', '2015-08-24 21:08:09');
insert into campaignManagerSiteSurvey (campaignSurveyId, discoveredWhere, addAdditionalData, isDataUseful, foundNeededInfo, isUserFriendly, createdAt, updatedAt) values (32, 'Article', 'voter opinion surveys', true, 1, 6, '2020-03-22 01:34:02', '2017-08-12 20:32:01');
insert into campaignManagerSiteSurvey (campaignSurveyId, discoveredWhere, addAdditionalData, isDataUseful, foundNeededInfo, isUserFriendly, createdAt, updatedAt) values (33, 'Social Media', 'foreign election interference reports', false, 8, 1, '2017-02-14 13:39:40', '2007-09-15 01:09:00');
insert into campaignManagerSiteSurvey (campaignSurveyId, discoveredWhere, addAdditionalData, isDataUseful, foundNeededInfo, isUserFriendly, createdAt, updatedAt) values (34, 'Newsletter', 'voting machine data', true, 5, 4, '2015-03-18 15:38:27', '2016-07-25 12:33:31');
insert into campaignManagerSiteSurvey (campaignSurveyId, discoveredWhere, addAdditionalData, isDataUseful, foundNeededInfo, isUserFriendly, createdAt, updatedAt) values (35, 'Website', 'campaign ad fact-checks', true, 5, 7, '2006-12-20 14:58:47', '2017-05-19 05:23:37');

insert into campaignFeaturesAccessed (surveyId, featureAccessed) values ('23', 'debate live streams');
insert into campaignFeaturesAccessed (surveyId, featureAccessed) values ('28', 'campaign finance tracker');
insert into campaignFeaturesAccessed (surveyId, featureAccessed) values ('9', 'election news feed');
insert into campaignFeaturesAccessed (surveyId, featureAccessed) values ('12', 'election news feed');
insert into campaignFeaturesAccessed (surveyId, featureAccessed) values ('16', 'debate live streams');
insert into campaignFeaturesAccessed (surveyId, featureAccessed) values ('15', 'voter registration portal');
insert into campaignFeaturesAccessed (surveyId, featureAccessed) values ('7', 'election news feed');
insert into campaignFeaturesAccessed (surveyId, featureAccessed) values ('2', 'real-time results dashboard');
insert into campaignFeaturesAccessed (surveyId, featureAccessed) values ('13', 'issue-specific voting guides');
insert into campaignFeaturesAccessed (surveyId, featureAccessed) values ('31', 'polling trend graphs');
insert into campaignFeaturesAccessed (surveyId, featureAccessed) values ('20', 'debate live streams');
insert into campaignFeaturesAccessed (surveyId, featureAccessed) values ('10', 'real-time results dashboard');
insert into campaignFeaturesAccessed (surveyId, featureAccessed) values ('19', 'issue-specific voting guides');
insert into campaignFeaturesAccessed (surveyId, featureAccessed) values ('33', 'Interactive election map');
insert into campaignFeaturesAccessed (surveyId, featureAccessed) values ('32', 'polling trend graphs');
insert into campaignFeaturesAccessed (surveyId, featureAccessed) values ('1', 'election news feed');
insert into campaignFeaturesAccessed (surveyId, featureAccessed) values ('24', 'polling trend graphs');
insert into campaignFeaturesAccessed (surveyId, featureAccessed) values ('17', 'social media sentiment analysis');
insert into campaignFeaturesAccessed (surveyId, featureAccessed) values ('18', 'election news feed');
insert into campaignFeaturesAccessed (surveyId, featureAccessed) values ('25', 'real-time results dashboard');
insert into campaignFeaturesAccessed (surveyId, featureAccessed) values ('35', 'debate live streams');
insert into campaignFeaturesAccessed (surveyId, featureAccessed) values ('22', 'issue-specific voting guides');
insert into campaignFeaturesAccessed (surveyId, featureAccessed) values ('26', 'polling trend graphs');
insert into campaignFeaturesAccessed (surveyId, featureAccessed) values ('6', 'debate live streams');
insert into campaignFeaturesAccessed (surveyId, featureAccessed) values ('27', 'candidate comparison tool');
insert into campaignFeaturesAccessed (surveyId, featureAccessed) values ('5', 'real-time results dashboard');
insert into campaignFeaturesAccessed (surveyId, featureAccessed) values ('30', 'issue-specific voting guides');
insert into campaignFeaturesAccessed (surveyId, featureAccessed) values ('4', 'social media sentiment analysis');
insert into campaignFeaturesAccessed (surveyId, featureAccessed) values ('11', 'debate live streams');
insert into campaignFeaturesAccessed (surveyId, featureAccessed) values ('8', 'issue-specific voting guides');
insert into campaignFeaturesAccessed (surveyId, featureAccessed) values ('29', 'candidate comparison tool');
insert into campaignFeaturesAccessed (surveyId, featureAccessed) values ('34', 'Interactive election map');
insert into campaignFeaturesAccessed (surveyId, featureAccessed) values ('21', 'voter registration portal');
insert into campaignFeaturesAccessed (surveyId, featureAccessed) values ('3', 'real-time results dashboard');
insert into campaignFeaturesAccessed (surveyId, featureAccessed) values ('14', 'candidate comparison tool');
insert into campaignFeaturesAccessed (surveyId, featureAccessed) values ('27', 'election news feed');
insert into campaignFeaturesAccessed (surveyId, featureAccessed) values ('13', 'polling trend graphs');
insert into campaignFeaturesAccessed (surveyId, featureAccessed) values ('29', 'real-time results dashboard');
insert into campaignFeaturesAccessed (surveyId, featureAccessed) values ('19', 'social media sentiment analysis');
insert into campaignFeaturesAccessed (surveyId, featureAccessed) values ('21', 'Interactive election map');
insert into campaignFeaturesAccessed (surveyId, featureAccessed) values ('32', 'debate live streams');
insert into campaignFeaturesAccessed (surveyId, featureAccessed) values ('22', 'voter registration portal');
insert into campaignFeaturesAccessed (surveyId, featureAccessed) values ('8', 'issue-specific voting guides');
insert into campaignFeaturesAccessed (surveyId, featureAccessed) values ('3', 'election news feed');
insert into campaignFeaturesAccessed (surveyId, featureAccessed) values ('23', 'issue-specific voting guides');
insert into campaignFeaturesAccessed (surveyId, featureAccessed) values ('28', 'real-time results dashboard');
insert into campaignFeaturesAccessed (surveyId, featureAccessed) values ('4', 'debate live streams');
insert into campaignFeaturesAccessed (surveyId, featureAccessed) values ('30', 'voter registration portal');
insert into campaignFeaturesAccessed (surveyId, featureAccessed) values ('10', 'debate live streams');
insert into campaignFeaturesAccessed (surveyId, featureAccessed) values ('7', 'polling trend graphs');
insert into campaignFeaturesAccessed (surveyId, featureAccessed) values ('11', 'debate live streams');
insert into campaignFeaturesAccessed (surveyId, featureAccessed) values ('2', 'voter registration portal');
insert into campaignFeaturesAccessed (surveyId, featureAccessed) values ('14', 'debate live streams');
insert into campaignFeaturesAccessed (surveyId, featureAccessed) values ('35', 'candidate comparison tool');
insert into campaignFeaturesAccessed (surveyId, featureAccessed) values ('20', 'campaign finance tracker');
insert into campaignFeaturesAccessed (surveyId, featureAccessed) values ('5', 'Interactive election map');
insert into campaignFeaturesAccessed (surveyId, featureAccessed) values ('18', 'voter registration portal');
insert into campaignFeaturesAccessed (surveyId, featureAccessed) values ('25', 'candidate comparison tool');
insert into campaignFeaturesAccessed (surveyId, featureAccessed) values ('24', 'campaign finance tracker');
insert into campaignFeaturesAccessed (surveyId, featureAccessed) values ('34', 'real-time results dashboard');
insert into campaignFeaturesAccessed (surveyId, featureAccessed) values ('33', 'campaign finance tracker');
insert into campaignFeaturesAccessed (surveyId, featureAccessed) values ('26', 'election news feed');
insert into campaignFeaturesAccessed (surveyId, featureAccessed) values ('16', 'election news feed');
insert into campaignFeaturesAccessed (surveyId, featureAccessed) values ('17', 'issue-specific voting guides');
insert into campaignFeaturesAccessed (surveyId, featureAccessed) values ('31', 'election news feed');
insert into campaignFeaturesAccessed (surveyId, featureAccessed) values ('9', 'Interactive election map');
insert into campaignFeaturesAccessed (surveyId, featureAccessed) values ('12', 'campaign finance tracker');
insert into campaignFeaturesAccessed (surveyId, featureAccessed) values ('1', 'real-time results dashboard');
insert into campaignFeaturesAccessed (surveyId, featureAccessed) values ('15', 'social media sentiment analysis');
insert into campaignFeaturesAccessed (surveyId, featureAccessed) values ('6', 'voter registration portal');
insert into campaignFeaturesAccessed (surveyId, featureAccessed) values ('3', 'polling trend graphs');
insert into campaignFeaturesAccessed (surveyId, featureAccessed) values ('25', 'issue-specific voting guides');
insert into campaignFeaturesAccessed (surveyId, featureAccessed) values ('29', 'social media sentiment analysis');
insert into campaignFeaturesAccessed (surveyId, featureAccessed) values ('26', 'real-time results dashboard');
insert into campaignFeaturesAccessed (surveyId, featureAccessed) values ('20', 'voter registration portal');
insert into campaignFeaturesAccessed (surveyId, featureAccessed) values ('22', 'Interactive election map');
insert into campaignFeaturesAccessed (surveyId, featureAccessed) values ('12', 'real-time results dashboard');
insert into campaignFeaturesAccessed (surveyId, featureAccessed) values ('35', 'voter registration portal');
insert into campaignFeaturesAccessed (surveyId, featureAccessed) values ('5', 'polling trend graphs');
insert into campaignFeaturesAccessed (surveyId, featureAccessed) values ('30', 'issue-specific voting guides');
insert into campaignFeaturesAccessed (surveyId, featureAccessed) values ('31', 'real-time results dashboard');
insert into campaignFeaturesAccessed (surveyId, featureAccessed) values ('6', 'debate live streams');
insert into campaignFeaturesAccessed (surveyId, featureAccessed) values ('27', 'candidate comparison tool');
insert into campaignFeaturesAccessed (surveyId, featureAccessed) values ('33', 'debate live streams');
insert into campaignFeaturesAccessed (surveyId, featureAccessed) values ('24', 'campaign finance tracker');
insert into campaignFeaturesAccessed (surveyId, featureAccessed) values ('11', 'real-time results dashboard');
insert into campaignFeaturesAccessed (surveyId, featureAccessed) values ('10', 'real-time results dashboard');
insert into campaignFeaturesAccessed (surveyId, featureAccessed) values ('13', 'social media sentiment analysis');
insert into campaignFeaturesAccessed (surveyId, featureAccessed) values ('28', 'Interactive election map');
insert into campaignFeaturesAccessed (surveyId, featureAccessed) values ('1', 'issue-specific voting guides');
insert into campaignFeaturesAccessed (surveyId, featureAccessed) values ('8', 'social media sentiment analysis');
insert into campaignFeaturesAccessed (surveyId, featureAccessed) values ('15', 'campaign finance tracker');
insert into campaignFeaturesAccessed (surveyId, featureAccessed) values ('4', 'real-time results dashboard');
insert into campaignFeaturesAccessed (surveyId, featureAccessed) values ('23', 'social media sentiment analysis');
insert into campaignFeaturesAccessed (surveyId, featureAccessed) values ('32', 'issue-specific voting guides');
insert into campaignFeaturesAccessed (surveyId, featureAccessed) values ('19', 'voter registration portal');
insert into campaignFeaturesAccessed (surveyId, featureAccessed) values ('17', 'debate live streams');
insert into campaignFeaturesAccessed (surveyId, featureAccessed) values ('14', 'candidate comparison tool');
insert into campaignFeaturesAccessed (surveyId, featureAccessed) values ('7', 'Interactive election map');
insert into campaignFeaturesAccessed (surveyId, featureAccessed) values ('34', 'candidate comparison tool');
