-- candidate, election, ranIn, stateResult, policy, advocatesFor, votingCenter, voter, 
-- voterSiteSurvey, voterFeaturesAccessed, campaign, rally, advertisement, campaignManagerSiteSurvey, campaignFeaturesAccessed

insert into voterSiteSurvey (voterSurveyId, foundVotingCenter, isUserFriendly, foundNeededInfo, informedAboutCandidate, discoveredWhere, createdAt, updatedAt, voterId) values (1, false, 10, 1, true, 'Website', '2005-10-01 09:21:09', '2023-10-13 07:43:52', '24');
insert into voterSiteSurvey (voterSurveyId, foundVotingCenter, isUserFriendly, foundNeededInfo, informedAboutCandidate, discoveredWhere, createdAt, updatedAt, voterId) values (2, false, 7, 9, false, 'Newsletter', '2013-06-17 18:40:50', '2013-01-04 04:19:06', '21');
insert into voterSiteSurvey (voterSurveyId, foundVotingCenter, isUserFriendly, foundNeededInfo, informedAboutCandidate, discoveredWhere, createdAt, updatedAt, voterId) values (3, false, 3, 2, false, 'Word of Mouth', '2008-01-06 01:32:22', '2022-01-20 23:45:05', '6');
insert into voterSiteSurvey (voterSurveyId, foundVotingCenter, isUserFriendly, foundNeededInfo, informedAboutCandidate, discoveredWhere, createdAt, updatedAt, voterId) values (4, false, 10, 5, true, 'Online Advertisement', '2010-03-04 11:06:03', '2020-08-16 23:31:24', '35');
insert into voterSiteSurvey (voterSurveyId, foundVotingCenter, isUserFriendly, foundNeededInfo, informedAboutCandidate, discoveredWhere, createdAt, updatedAt, voterId) values (5, true, 1, 3, true, 'Video Platform', '2013-05-06 18:31:11', '2006-05-31 21:47:39', '5');
insert into voterSiteSurvey (voterSurveyId, foundVotingCenter, isUserFriendly, foundNeededInfo, informedAboutCandidate, discoveredWhere, createdAt, updatedAt, voterId) values (6, false, 10, 5, false, 'Online Forum', '2013-09-29 15:34:38', '2011-08-28 13:31:12', '1');
insert into voterSiteSurvey (voterSurveyId, foundVotingCenter, isUserFriendly, foundNeededInfo, informedAboutCandidate, discoveredWhere, createdAt, updatedAt, voterId) values (7, false, 5, 9, false, 'Word of Mouth', '2007-01-28 18:00:20', '2021-09-30 04:29:06', '29');
insert into voterSiteSurvey (voterSurveyId, foundVotingCenter, isUserFriendly, foundNeededInfo, informedAboutCandidate, discoveredWhere, createdAt, updatedAt, voterId) values (8, true, 8, 3, false, 'Website', '2011-03-11 10:49:41', '2023-07-31 10:41:07', '22');
insert into voterSiteSurvey (voterSurveyId, foundVotingCenter, isUserFriendly, foundNeededInfo, informedAboutCandidate, discoveredWhere, createdAt, updatedAt, voterId) values (9, true, 4, 1, true, 'Video Platform', '2009-05-04 18:22:12', '2016-10-25 10:36:18', '26');
insert into voterSiteSurvey (voterSurveyId, foundVotingCenter, isUserFriendly, foundNeededInfo, informedAboutCandidate, discoveredWhere, createdAt, updatedAt, voterId) values (10, false, 10, 4, false, 'Website', '2018-10-13 14:21:57', '2015-09-04 06:31:37', '28');
insert into voterSiteSurvey (voterSurveyId, foundVotingCenter, isUserFriendly, foundNeededInfo, informedAboutCandidate, discoveredWhere, createdAt, updatedAt, voterId) values (11, false, 6, 9, false, 'Social Media', '2018-07-12 12:32:52', '2016-10-18 15:56:37', '16');
insert into voterSiteSurvey (voterSurveyId, foundVotingCenter, isUserFriendly, foundNeededInfo, informedAboutCandidate, discoveredWhere, createdAt, updatedAt, voterId) values (12, false, 10, 7, true, 'Online Forum', '2008-07-17 02:17:03', '2010-06-11 20:18:45', '11');
insert into voterSiteSurvey (voterSurveyId, foundVotingCenter, isUserFriendly, foundNeededInfo, informedAboutCandidate, discoveredWhere, createdAt, updatedAt, voterId) values (13, true, 6, 9, true, 'Blog', '2016-03-02 10:40:04', '2011-12-11 18:48:55', '30');
insert into voterSiteSurvey (voterSurveyId, foundVotingCenter, isUserFriendly, foundNeededInfo, informedAboutCandidate, discoveredWhere, createdAt, updatedAt, voterId) values (14, true, 4, 2, true, 'Search Engine', '2007-08-13 04:31:44', '2020-08-01 06:10:34', '12');
insert into voterSiteSurvey (voterSurveyId, foundVotingCenter, isUserFriendly, foundNeededInfo, informedAboutCandidate, discoveredWhere, createdAt, updatedAt, voterId) values (15, false, 6, 10, true, 'Word of Mouth', '2019-01-16 11:42:34', '2023-06-13 22:29:30', '32');
insert into voterSiteSurvey (voterSurveyId, foundVotingCenter, isUserFriendly, foundNeededInfo, informedAboutCandidate, discoveredWhere, createdAt, updatedAt, voterId) values (16, true, 9, 1, false, 'Video Platform', '2010-07-14 16:55:25', '2006-11-18 09:47:15', '8');
insert into voterSiteSurvey (voterSurveyId, foundVotingCenter, isUserFriendly, foundNeededInfo, informedAboutCandidate, discoveredWhere, createdAt, updatedAt, voterId) values (17, true, 6, 10, true, 'Word of Mouth', '2022-08-02 17:34:41', '2015-06-10 10:41:16', '23');
insert into voterSiteSurvey (voterSurveyId, foundVotingCenter, isUserFriendly, foundNeededInfo, informedAboutCandidate, discoveredWhere, createdAt, updatedAt, voterId) values (18, true, 8, 3, true, 'Word of Mouth', '2010-07-29 01:48:47', '2009-02-27 03:17:54', '33');
insert into voterSiteSurvey (voterSurveyId, foundVotingCenter, isUserFriendly, foundNeededInfo, informedAboutCandidate, discoveredWhere, createdAt, updatedAt, voterId) values (19, true, 10, 9, true, 'Online Forum', '2015-04-29 18:10:26', '2018-07-22 09:28:08', '34');
insert into voterSiteSurvey (voterSurveyId, foundVotingCenter, isUserFriendly, foundNeededInfo, informedAboutCandidate, discoveredWhere, createdAt, updatedAt, voterId) values (20, false, 7, 2, true, 'Article', '2024-04-29 11:11:24', '2014-01-04 03:23:22', '9');
insert into voterSiteSurvey (voterSurveyId, foundVotingCenter, isUserFriendly, foundNeededInfo, informedAboutCandidate, discoveredWhere, createdAt, updatedAt, voterId) values (21, true, 8, 8, true, 'Social Media', '2018-11-06 15:43:13', '2007-05-18 20:26:14', '18');
insert into voterSiteSurvey (voterSurveyId, foundVotingCenter, isUserFriendly, foundNeededInfo, informedAboutCandidate, discoveredWhere, createdAt, updatedAt, voterId) values (22, false, 9, 2, false, 'Search Engine', '2015-06-09 18:04:16', '2007-07-07 09:57:06', '31');
insert into voterSiteSurvey (voterSurveyId, foundVotingCenter, isUserFriendly, foundNeededInfo, informedAboutCandidate, discoveredWhere, createdAt, updatedAt, voterId) values (23, true, 9, 10, false, 'Blog', '2012-01-29 14:00:34', '2023-06-05 10:43:57', '2');
insert into voterSiteSurvey (voterSurveyId, foundVotingCenter, isUserFriendly, foundNeededInfo, informedAboutCandidate, discoveredWhere, createdAt, updatedAt, voterId) values (24, false, 4, 4, false, 'Social Media', '2018-06-27 05:58:55', '2018-06-26 13:49:33', '14');
insert into voterSiteSurvey (voterSurveyId, foundVotingCenter, isUserFriendly, foundNeededInfo, informedAboutCandidate, discoveredWhere, createdAt, updatedAt, voterId) values (25, false, 8, 6, false, 'Online Forum', '2006-09-16 09:04:28', '2023-08-25 14:22:26', '4');
insert into voterSiteSurvey (voterSurveyId, foundVotingCenter, isUserFriendly, foundNeededInfo, informedAboutCandidate, discoveredWhere, createdAt, updatedAt, voterId) values (26, false, 8, 10, true, 'Online Advertisement', '2017-06-17 08:09:51', '2016-12-04 10:01:12', '15');
insert into voterSiteSurvey (voterSurveyId, foundVotingCenter, isUserFriendly, foundNeededInfo, informedAboutCandidate, discoveredWhere, createdAt, updatedAt, voterId) values (27, true, 9, 7, false, 'Video Platform', '2014-10-18 05:39:39', '2009-01-19 05:25:26', '25');
insert into voterSiteSurvey (voterSurveyId, foundVotingCenter, isUserFriendly, foundNeededInfo, informedAboutCandidate, discoveredWhere, createdAt, updatedAt, voterId) values (28, true, 8, 4, true, 'Search Engine', '2008-10-22 11:50:11', '2014-07-01 21:39:04', '20');
insert into voterSiteSurvey (voterSurveyId, foundVotingCenter, isUserFriendly, foundNeededInfo, informedAboutCandidate, discoveredWhere, createdAt, updatedAt, voterId) values (29, false, 3, 2, true, 'Social Media', '2016-02-08 17:15:33', '2020-06-11 00:25:50', '17');
insert into voterSiteSurvey (voterSurveyId, foundVotingCenter, isUserFriendly, foundNeededInfo, informedAboutCandidate, discoveredWhere, createdAt, updatedAt, voterId) values (30, false, 9, 3, false, 'Newsletter', '2015-08-22 01:43:55', '2006-01-25 03:18:24', '19');
insert into voterSiteSurvey (voterSurveyId, foundVotingCenter, isUserFriendly, foundNeededInfo, informedAboutCandidate, discoveredWhere, createdAt, updatedAt, voterId) values (31, true, 10, 10, false, 'Word of Mouth', '2016-12-09 09:10:59', '2022-02-17 10:09:11', '10');
insert into voterSiteSurvey (voterSurveyId, foundVotingCenter, isUserFriendly, foundNeededInfo, informedAboutCandidate, discoveredWhere, createdAt, updatedAt, voterId) values (32, false, 5, 3, false, 'Newsletter', '2017-10-21 07:55:52', '2006-01-09 03:55:36', '7');
insert into voterSiteSurvey (voterSurveyId, foundVotingCenter, isUserFriendly, foundNeededInfo, informedAboutCandidate, discoveredWhere, createdAt, updatedAt, voterId) values (33, false, 7, 7, false, 'Social Media', '2021-09-14 22:29:55', '2007-08-11 03:35:30', '13');
insert into voterSiteSurvey (voterSurveyId, foundVotingCenter, isUserFriendly, foundNeededInfo, informedAboutCandidate, discoveredWhere, createdAt, updatedAt, voterId) values (34, true, 8, 6, true, 'Online Forum', '2021-04-11 07:32:28', '2020-03-19 20:03:26', '3');
insert into voterSiteSurvey (voterSurveyId, foundVotingCenter, isUserFriendly, foundNeededInfo, informedAboutCandidate, discoveredWhere, createdAt, updatedAt, voterId) values (35, true, 6, 1, false, 'Website', '2014-01-10 10:10:36', '2012-05-25 19:37:27', '27');

insert into voterFeaturesAccessed (surveyId, featureAccessed) values ('30', 'polling trend graphs');
insert into voterFeaturesAccessed (surveyId, featureAccessed) values ('6', 'campaign finance tracker');
insert into voterFeaturesAccessed (surveyId, featureAccessed) values ('12', 'candidate comparison tool');
insert into voterFeaturesAccessed (surveyId, featureAccessed) values ('18', 'Interactive election map');
insert into voterFeaturesAccessed (surveyId, featureAccessed) values ('4', 'real-time results dashboard');
insert into voterFeaturesAccessed (surveyId, featureAccessed) values ('7', 'candidate comparison tool');
insert into voterFeaturesAccessed (surveyId, featureAccessed) values ('27', 'Interactive election map');
insert into voterFeaturesAccessed (surveyId, featureAccessed) values ('2', 'real-time results dashboard');
insert into voterFeaturesAccessed (surveyId, featureAccessed) values ('31', 'social media sentiment analysis');
insert into voterFeaturesAccessed (surveyId, featureAccessed) values ('33', 'campaign finance tracker');
insert into voterFeaturesAccessed (surveyId, featureAccessed) values ('1', 'election news feed');
insert into voterFeaturesAccessed (surveyId, featureAccessed) values ('9', 'campaign finance tracker');
insert into voterFeaturesAccessed (surveyId, featureAccessed) values ('20', 'social media sentiment analysis');
insert into voterFeaturesAccessed (surveyId, featureAccessed) values ('14', 'campaign finance tracker');
insert into voterFeaturesAccessed (surveyId, featureAccessed) values ('16', 'voter registration portal');
insert into voterFeaturesAccessed (surveyId, featureAccessed) values ('28', 'issue-specific voting guides');
insert into voterFeaturesAccessed (surveyId, featureAccessed) values ('34', 'voter registration portal');
insert into voterFeaturesAccessed (surveyId, featureAccessed) values ('3', 'issue-specific voting guides');
insert into voterFeaturesAccessed (surveyId, featureAccessed) values ('5', 'polling trend graphs');
insert into voterFeaturesAccessed (surveyId, featureAccessed) values ('35', 'debate live streams');
insert into voterFeaturesAccessed (surveyId, featureAccessed) values ('23', 'debate live streams');
insert into voterFeaturesAccessed (surveyId, featureAccessed) values ('26', 'debate live streams');
insert into voterFeaturesAccessed (surveyId, featureAccessed) values ('15', 'real-time results dashboard');
insert into voterFeaturesAccessed (surveyId, featureAccessed) values ('29', 'voter registration portal');
insert into voterFeaturesAccessed (surveyId, featureAccessed) values ('32', 'real-time results dashboard');
insert into voterFeaturesAccessed (surveyId, featureAccessed) values ('24', 'Interactive election map');
insert into voterFeaturesAccessed (surveyId, featureAccessed) values ('10', 'debate live streams');
insert into voterFeaturesAccessed (surveyId, featureAccessed) values ('17', 'social media sentiment analysis');
insert into voterFeaturesAccessed (surveyId, featureAccessed) values ('13', 'election news feed');
insert into voterFeaturesAccessed (surveyId, featureAccessed) values ('22', 'Interactive election map');
insert into voterFeaturesAccessed (surveyId, featureAccessed) values ('8', 'real-time results dashboard');
insert into voterFeaturesAccessed (surveyId, featureAccessed) values ('11', 'election news feed');
insert into voterFeaturesAccessed (surveyId, featureAccessed) values ('19', 'election news feed');
insert into voterFeaturesAccessed (surveyId, featureAccessed) values ('25', 'real-time results dashboard');
insert into voterFeaturesAccessed (surveyId, featureAccessed) values ('21', 'Interactive election map');
insert into voterFeaturesAccessed (surveyId, featureAccessed) values ('19', 'issue-specific voting guides');
insert into voterFeaturesAccessed (surveyId, featureAccessed) values ('5', 'Interactive election map');
insert into voterFeaturesAccessed (surveyId, featureAccessed) values ('13', 'real-time results dashboard');
insert into voterFeaturesAccessed (surveyId, featureAccessed) values ('28', 'voter registration portal');
insert into voterFeaturesAccessed (surveyId, featureAccessed) values ('30', 'real-time results dashboard');
insert into voterFeaturesAccessed (surveyId, featureAccessed) values ('7', 'Interactive election map');
insert into voterFeaturesAccessed (surveyId, featureAccessed) values ('32', 'issue-specific voting guides');
insert into voterFeaturesAccessed (surveyId, featureAccessed) values ('9', 'debate live streams');
insert into voterFeaturesAccessed (surveyId, featureAccessed) values ('14', 'real-time results dashboard');
insert into voterFeaturesAccessed (surveyId, featureAccessed) values ('31', 'real-time results dashboard');
insert into voterFeaturesAccessed (surveyId, featureAccessed) values ('24', 'election news feed');
insert into voterFeaturesAccessed (surveyId, featureAccessed) values ('35', 'social media sentiment analysis');
insert into voterFeaturesAccessed (surveyId, featureAccessed) values ('16', 'candidate comparison tool');
insert into voterFeaturesAccessed (surveyId, featureAccessed) values ('4', 'campaign finance tracker');
insert into voterFeaturesAccessed (surveyId, featureAccessed) values ('22', 'candidate comparison tool');
insert into voterFeaturesAccessed (surveyId, featureAccessed) values ('23', 'real-time results dashboard');
insert into voterFeaturesAccessed (surveyId, featureAccessed) values ('20', 'real-time results dashboard');
insert into voterFeaturesAccessed (surveyId, featureAccessed) values ('21', 'candidate comparison tool');
insert into voterFeaturesAccessed (surveyId, featureAccessed) values ('10', 'voter registration portal');
insert into voterFeaturesAccessed (surveyId, featureAccessed) values ('27', 'election news feed');
insert into voterFeaturesAccessed (surveyId, featureAccessed) values ('8', 'real-time results dashboard');
insert into voterFeaturesAccessed (surveyId, featureAccessed) values ('3', 'social media sentiment analysis');
insert into voterFeaturesAccessed (surveyId, featureAccessed) values ('12', 'polling trend graphs');
insert into voterFeaturesAccessed (surveyId, featureAccessed) values ('17', 'real-time results dashboard');
insert into voterFeaturesAccessed (surveyId, featureAccessed) values ('33', 'candidate comparison tool');
insert into voterFeaturesAccessed (surveyId, featureAccessed) values ('29', 'real-time results dashboard');
insert into voterFeaturesAccessed (surveyId, featureAccessed) values ('26', 'election news feed');
insert into voterFeaturesAccessed (surveyId, featureAccessed) values ('1', 'Interactive election map');
insert into voterFeaturesAccessed (surveyId, featureAccessed) values ('15', 'election news feed');
insert into voterFeaturesAccessed (surveyId, featureAccessed) values ('11', 'election news feed');
insert into voterFeaturesAccessed (surveyId, featureAccessed) values ('18', 'social media sentiment analysis');
insert into voterFeaturesAccessed (surveyId, featureAccessed) values ('2', 'debate live streams');
insert into voterFeaturesAccessed (surveyId, featureAccessed) values ('25', 'issue-specific voting guides');
insert into voterFeaturesAccessed (surveyId, featureAccessed) values ('34', 'polling trend graphs');
insert into voterFeaturesAccessed (surveyId, featureAccessed) values ('6', 'social media sentiment analysis');
insert into voterFeaturesAccessed (surveyId, featureAccessed) values ('14', 'polling trend graphs');
insert into voterFeaturesAccessed (surveyId, featureAccessed) values ('13', 'real-time results dashboard');
insert into voterFeaturesAccessed (surveyId, featureAccessed) values ('33', 'social media sentiment analysis');
insert into voterFeaturesAccessed (surveyId, featureAccessed) values ('22', 'real-time results dashboard');
insert into voterFeaturesAccessed (surveyId, featureAccessed) values ('20', 'Interactive election map');
insert into voterFeaturesAccessed (surveyId, featureAccessed) values ('16', 'polling trend graphs');
insert into voterFeaturesAccessed (surveyId, featureAccessed) values ('7', 'election news feed');
insert into voterFeaturesAccessed (surveyId, featureAccessed) values ('15', 'voter registration portal');
insert into voterFeaturesAccessed (surveyId, featureAccessed) values ('29', 'candidate comparison tool');
insert into voterFeaturesAccessed (surveyId, featureAccessed) values ('3', 'Interactive election map');
insert into voterFeaturesAccessed (surveyId, featureAccessed) values ('30', 'social media sentiment analysis');
insert into voterFeaturesAccessed (surveyId, featureAccessed) values ('6', 'Interactive election map');
insert into voterFeaturesAccessed (surveyId, featureAccessed) values ('4', 'social media sentiment analysis');
insert into voterFeaturesAccessed (surveyId, featureAccessed) values ('34', 'polling trend graphs');
insert into voterFeaturesAccessed (surveyId, featureAccessed) values ('28', 'social media sentiment analysis');
insert into voterFeaturesAccessed (surveyId, featureAccessed) values ('23', 'issue-specific voting guides');
insert into voterFeaturesAccessed (surveyId, featureAccessed) values ('25', 'campaign finance tracker');
insert into voterFeaturesAccessed (surveyId, featureAccessed) values ('10', 'issue-specific voting guides');
insert into voterFeaturesAccessed (surveyId, featureAccessed) values ('24', 'social media sentiment analysis');
insert into voterFeaturesAccessed (surveyId, featureAccessed) values ('11', 'candidate comparison tool');
insert into voterFeaturesAccessed (surveyId, featureAccessed) values ('27', 'polling trend graphs');
insert into voterFeaturesAccessed (surveyId, featureAccessed) values ('1', 'voter registration portal');
insert into voterFeaturesAccessed (surveyId, featureAccessed) values ('2', 'Interactive election map');
insert into voterFeaturesAccessed (surveyId, featureAccessed) values ('18', 'Interactive election map');
insert into voterFeaturesAccessed (surveyId, featureAccessed) values ('5', 'issue-specific voting guides');
insert into voterFeaturesAccessed (surveyId, featureAccessed) values ('17', 'polling trend graphs');
insert into voterFeaturesAccessed (surveyId, featureAccessed) values ('35', 'Interactive election map');
insert into voterFeaturesAccessed (surveyId, featureAccessed) values ('19', 'Interactive election map');
insert into voterFeaturesAccessed (surveyId, featureAccessed) values ('21', 'election news feed');
insert into voterFeaturesAccessed (surveyId, featureAccessed) values ('26', 'polling trend graphs');

insert into campaign (campaignId, newVotersRegistered, dateLaunched, candidateId) values (1, 90, '6/24/2024', '13');
insert into campaign (campaignId, newVotersRegistered, dateLaunched, candidateId) values (2, 30, '2/9/2024', '9');
insert into campaign (campaignId, newVotersRegistered, dateLaunched, candidateId) values (3, 22, '2/21/2024', '34');
insert into campaign (campaignId, newVotersRegistered, dateLaunched, candidateId) values (4, 76, '11/23/2023', '32');
insert into campaign (campaignId, newVotersRegistered, dateLaunched, candidateId) values (5, 76, '2/21/2024', '33');
insert into campaign (campaignId, newVotersRegistered, dateLaunched, candidateId) values (6, 68, '1/6/2024', '7');
insert into campaign (campaignId, newVotersRegistered, dateLaunched, candidateId) values (7, 78, '7/2/2024', '18');
insert into campaign (campaignId, newVotersRegistered, dateLaunched, candidateId) values (8, 30, '2/26/2024', '4');
insert into campaign (campaignId, newVotersRegistered, dateLaunched, candidateId) values (9, 25, '6/9/2024', '6');
insert into campaign (campaignId, newVotersRegistered, dateLaunched, candidateId) values (10, 54, '8/24/2023', '1');
insert into campaign (campaignId, newVotersRegistered, dateLaunched, candidateId) values (11, 36, '2/29/2024', '2');
insert into campaign (campaignId, newVotersRegistered, dateLaunched, candidateId) values (12, 11, '4/25/2024', '5');
insert into campaign (campaignId, newVotersRegistered, dateLaunched, candidateId) values (13, 43, '9/18/2023', '15');
insert into campaign (campaignId, newVotersRegistered, dateLaunched, candidateId) values (14, 58, '10/3/2023', '31');
insert into campaign (campaignId, newVotersRegistered, dateLaunched, candidateId) values (15, 31, '8/22/2023', '27');
insert into campaign (campaignId, newVotersRegistered, dateLaunched, candidateId) values (16, 100, '9/14/2023', '26');
insert into campaign (campaignId, newVotersRegistered, dateLaunched, candidateId) values (17, 24, '2/18/2024', '14');
insert into campaign (campaignId, newVotersRegistered, dateLaunched, candidateId) values (18, 36, '5/16/2024', '29');
insert into campaign (campaignId, newVotersRegistered, dateLaunched, candidateId) values (19, 95, '6/3/2024', '12');
insert into campaign (campaignId, newVotersRegistered, dateLaunched, candidateId) values (20, 13, '11/2/2023', '30');
insert into campaign (campaignId, newVotersRegistered, dateLaunched, candidateId) values (21, 42, '10/11/2023', '28');
insert into campaign (campaignId, newVotersRegistered, dateLaunched, candidateId) values (22, 5, '10/14/2023', '19');
insert into campaign (campaignId, newVotersRegistered, dateLaunched, candidateId) values (23, 60, '5/3/2024', '35');
insert into campaign (campaignId, newVotersRegistered, dateLaunched, candidateId) values (24, 88, '9/29/2023', '11');
insert into campaign (campaignId, newVotersRegistered, dateLaunched, candidateId) values (25, 30, '6/13/2024', '22');
insert into campaign (campaignId, newVotersRegistered, dateLaunched, candidateId) values (26, 70, '2/21/2024', '16');
insert into campaign (campaignId, newVotersRegistered, dateLaunched, candidateId) values (27, 97, '2/15/2024', '20');
insert into campaign (campaignId, newVotersRegistered, dateLaunched, candidateId) values (28, 66, '8/20/2023', '8');
insert into campaign (campaignId, newVotersRegistered, dateLaunched, candidateId) values (29, 27, '9/3/2023', '24');
insert into campaign (campaignId, newVotersRegistered, dateLaunched, candidateId) values (30, 46, '10/26/2023', '3');
insert into campaign (campaignId, newVotersRegistered, dateLaunched, candidateId) values (31, 38, '6/8/2024', '25');
insert into campaign (campaignId, newVotersRegistered, dateLaunched, candidateId) values (32, 26, '4/14/2024', '21');
insert into campaign (campaignId, newVotersRegistered, dateLaunched, candidateId) values (33, 23, '5/10/2024', '23');
insert into campaign (campaignId, newVotersRegistered, dateLaunched, candidateId) values (34, 83, '7/6/2024', '10');
insert into campaign (campaignId, newVotersRegistered, dateLaunched, candidateId) values (35, 83, '11/20/2023', '17');

insert into advertisement (campaignId, advertisementId, location, cost, interactions) values ('24', 1, 'bus stop', '$7864.03', 3540);
insert into advertisement (campaignId, advertisementId, location, cost, interactions) values ('18', 2, 'taxi cab', '$8746.56', 7231);
insert into advertisement (campaignId, advertisementId, location, cost, interactions) values ('5', 3, 'bus stop', '$6149.49', 5832);
insert into advertisement (campaignId, advertisementId, location, cost, interactions) values ('3', 4, 'billboard', '$2660.71', 5255);
insert into advertisement (campaignId, advertisementId, location, cost, interactions) values ('7', 5, 'elevator', '$975.84', 6644);
insert into advertisement (campaignId, advertisementId, location, cost, interactions) values ('16', 6, 'taxi cab', '$9673.35', 3889);
insert into advertisement (campaignId, advertisementId, location, cost, interactions) values ('12', 7, 'magazine ad', '$8858.83', 3033);
insert into advertisement (campaignId, advertisementId, location, cost, interactions) values ('6', 8, 'mobile app', '$5795.84', 3505);
insert into advertisement (campaignId, advertisementId, location, cost, interactions) values ('28', 9, 'magazine ad', '$8978.78', 9817);
insert into advertisement (campaignId, advertisementId, location, cost, interactions) values ('8', 10, 'mobile app', '$6781.46', 1485);
insert into advertisement (campaignId, advertisementId, location, cost, interactions) values ('27', 11, 'bus stop', '$7650.66', 6220);
insert into advertisement (campaignId, advertisementId, location, cost, interactions) values ('22', 12, 'taxi cab', '$8065.70', 6688);
insert into advertisement (campaignId, advertisementId, location, cost, interactions) values ('32', 13, 'website banner', '$3614.71', 5494);
insert into advertisement (campaignId, advertisementId, location, cost, interactions) values ('34', 14, 'street corner', '$3683.72', 9740);
insert into advertisement (campaignId, advertisementId, location, cost, interactions) values ('19', 15, 'taxi cab', '$1823.95', 9863);
insert into advertisement (campaignId, advertisementId, location, cost, interactions) values ('17', 16, 'website banner', '$2502.93', 5772);
insert into advertisement (campaignId, advertisementId, location, cost, interactions) values ('21', 17, 'park bench', '$8323.81', 85);
insert into advertisement (campaignId, advertisementId, location, cost, interactions) values ('9', 18, 'website banner', '$8163.29', 2774);
insert into advertisement (campaignId, advertisementId, location, cost, interactions) values ('20', 19, 'radio commercial', '$4944.73', 1948);
insert into advertisement (campaignId, advertisementId, location, cost, interactions) values ('29', 20, 'online video platform', '$2175.64', 2198);
insert into advertisement (campaignId, advertisementId, location, cost, interactions) values ('26', 21, 'gas station', '$3334.11', 7656);
insert into advertisement (campaignId, advertisementId, location, cost, interactions) values ('1', 22, 'subway station', '$5703.44', 5192);
insert into advertisement (campaignId, advertisementId, location, cost, interactions) values ('14', 23, 'mobile app', '$1439.19', 601);
insert into advertisement (campaignId, advertisementId, location, cost, interactions) values ('30', 24, 'bus stop', '$3335.26', 216);
insert into advertisement (campaignId, advertisementId, location, cost, interactions) values ('10', 25, 'online video platform', '$5425.39', 1071);
insert into advertisement (campaignId, advertisementId, location, cost, interactions) values ('4', 26, 'taxi cab', '$2849.88', 4465);
insert into advertisement (campaignId, advertisementId, location, cost, interactions) values ('35', 27, 'taxi cab', '$7803.03', 586);
insert into advertisement (campaignId, advertisementId, location, cost, interactions) values ('15', 28, 'bus shelter', '$9184.07', 7041);
insert into advertisement (campaignId, advertisementId, location, cost, interactions) values ('2', 29, 'online video platform', '$5752.39', 4057);
insert into advertisement (campaignId, advertisementId, location, cost, interactions) values ('25', 30, 'gas station', '$2674.74', 5792);
insert into advertisement (campaignId, advertisementId, location, cost, interactions) values ('11', 31, 'coffee shop', '$4032.58', 5653);
insert into advertisement (campaignId, advertisementId, location, cost, interactions) values ('33', 32, 'movie theater', '$8312.61', 5989);
insert into advertisement (campaignId, advertisementId, location, cost, interactions) values ('13', 33, 'street corner', '$1535.98', 8370);
insert into advertisement (campaignId, advertisementId, location, cost, interactions) values ('31', 34, 'bus stop', '$6929.97', 6528);
insert into advertisement (campaignId, advertisementId, location, cost, interactions) values ('23', 35, 'bus stop', '$886.96', 8);
insert into advertisement (campaignId, advertisementId, location, cost, interactions) values ('9', 36, 'elevator', '$7042.73', 3572);
insert into advertisement (campaignId, advertisementId, location, cost, interactions) values ('21', 37, 'taxi cab', '$9349.31', 5955);
insert into advertisement (campaignId, advertisementId, location, cost, interactions) values ('25', 38, 'taxi cab', '$7277.32', 2229);
insert into advertisement (campaignId, advertisementId, location, cost, interactions) values ('19', 39, 'park bench', '$567.16', 2107);
insert into advertisement (campaignId, advertisementId, location, cost, interactions) values ('20', 40, 'airport', '$3501.34', 8002);
insert into advertisement (campaignId, advertisementId, location, cost, interactions) values ('2', 41, 'magazine ad', '$1770.54', 8995);
insert into advertisement (campaignId, advertisementId, location, cost, interactions) values ('18', 42, 'park bench', '$8263.17', 4639);
insert into advertisement (campaignId, advertisementId, location, cost, interactions) values ('30', 43, 'movie theater', '$1586.06', 1049);
insert into advertisement (campaignId, advertisementId, location, cost, interactions) values ('12', 44, 'magazine ad', '$6930.20', 4964);
insert into advertisement (campaignId, advertisementId, location, cost, interactions) values ('6', 45, 'bus stop', '$5526.31', 3418);

