use fontevote;

insert into candidate (candidateId, firstName, lastName, politicalAffiliation, gender, age, educationLevel, homeState) values (1, 'Thekla', 'Dillinton', 'Democrat', 'Female', 38, 'Post Graduate', 'Georgia');
insert into candidate (candidateId, firstName, lastName, politicalAffiliation, gender, age, educationLevel, homeState) values (2, 'Brit', 'Hallard', 'Democrat', 'Female', 42, 'No Education', 'New York');
insert into candidate (candidateId, firstName, lastName, politicalAffiliation, gender, age, educationLevel, homeState) values (3, 'Benoite', 'Tattersall', 'Republican', 'Female', 46, 'High School', 'New York');
insert into candidate (candidateId, firstName, lastName, politicalAffiliation, gender, age, educationLevel, homeState) values (4, 'Riobard', 'Barroux', 'Republican', 'Male', 75, 'College', 'Indiana');
insert into candidate (candidateId, firstName, lastName, politicalAffiliation, gender, age, educationLevel, homeState) values (5, 'Aggi', 'Krolak', 'Republican', 'Female', 65, 'No Education', 'Pennsylvania');
insert into candidate (candidateId, firstName, lastName, politicalAffiliation, gender, age, educationLevel, homeState) values (6, 'Sanderson', 'Moens', 'Independent', 'Male', 48, 'Post Graduate', 'Indiana');
insert into candidate (candidateId, firstName, lastName, politicalAffiliation, gender, age, educationLevel, homeState) values (7, 'Vasili', 'Guerro', 'Republican', 'Male', 40, 'No Education', 'Washington');
insert into candidate (candidateId, firstName, lastName, politicalAffiliation, gender, age, educationLevel, homeState) values (8, 'Giordano', 'Mowatt', 'Republican', 'Male', 78, 'Post Graduate', 'Kansas');
insert into candidate (candidateId, firstName, lastName, politicalAffiliation, gender, age, educationLevel, homeState) values (9, 'Lauralee', 'Caslake', 'Independent', 'Female', 45, 'No Education', 'Texas');
insert into candidate (candidateId, firstName, lastName, politicalAffiliation, gender, age, educationLevel, homeState) values (10, 'Hendrik', 'Metzke', 'Independent', 'Male', 56, 'High School', 'Florida');
insert into candidate (candidateId, firstName, lastName, politicalAffiliation, gender, age, educationLevel, homeState) values (11, 'Erin', 'Birdsall', 'Republican', 'Male', 69, 'College', 'Texas');
insert into candidate (candidateId, firstName, lastName, politicalAffiliation, gender, age, educationLevel, homeState) values (12, 'Townsend', 'Skechley', 'Republican', 'Male', 47, 'Post Graduate', 'Delaware');
insert into candidate (candidateId, firstName, lastName, politicalAffiliation, gender, age, educationLevel, homeState) values (13, 'Beryle', 'Acutt', 'Independent', 'Female', 86, 'No Education', 'California');
insert into candidate (candidateId, firstName, lastName, politicalAffiliation, gender, age, educationLevel, homeState) values (14, 'Chevy', 'Pennetti', 'Republican', 'Male', 61, 'No Education', 'Florida');
insert into candidate (candidateId, firstName, lastName, politicalAffiliation, gender, age, educationLevel, homeState) values (15, 'Shawn', 'Aldin', 'Independent', 'Female', 66, 'College', 'Florida');
insert into candidate (candidateId, firstName, lastName, politicalAffiliation, gender, age, educationLevel, homeState) values (16, 'Rosabelle', 'Ponnsett', 'Republican', 'Female', 64, 'No Education', 'Georgia');
insert into candidate (candidateId, firstName, lastName, politicalAffiliation, gender, age, educationLevel, homeState) values (17, 'Berk', 'Gostage', 'Democrat', 'Male', 64, 'High School', 'New Mexico');
insert into candidate (candidateId, firstName, lastName, politicalAffiliation, gender, age, educationLevel, homeState) values (18, 'Wanda', 'Livard', 'Republican', 'Female', 39, 'No Education', 'North Carolina');
insert into candidate (candidateId, firstName, lastName, politicalAffiliation, gender, age, educationLevel, homeState) values (19, 'Hedvig', 'Denisovich', 'Republican', 'Female', 35, 'Post Graduate', 'New York');
insert into candidate (candidateId, firstName, lastName, politicalAffiliation, gender, age, educationLevel, homeState) values (20, 'Dominik', 'Skylett', 'Independent', 'Male', 62, 'High School', 'Texas');
insert into candidate (candidateId, firstName, lastName, politicalAffiliation, gender, age, educationLevel, homeState) values (21, 'Debby', 'McWilliams', 'Independent', 'Female', 64, 'College', 'Texas');
insert into candidate (candidateId, firstName, lastName, politicalAffiliation, gender, age, educationLevel, homeState) values (22, 'Gussie', 'Fillon', 'Independent', 'Female', 51, 'Post Graduate', 'California');
insert into candidate (candidateId, firstName, lastName, politicalAffiliation, gender, age, educationLevel, homeState) values (23, 'Marshall', 'Darcey', 'Democrat', 'Male', 81, 'High School', 'Arizona');
insert into candidate (candidateId, firstName, lastName, politicalAffiliation, gender, age, educationLevel, homeState) values (24, 'Oliy', 'Yusupov', 'Republican', 'Female', 93, 'No Education', 'Pennsylvania');
insert into candidate (candidateId, firstName, lastName, politicalAffiliation, gender, age, educationLevel, homeState) values (25, 'Cordy', 'Canaan', 'Independent', 'Female', 42, 'College', 'Texas');
insert into candidate (candidateId, firstName, lastName, politicalAffiliation, gender, age, educationLevel, homeState) values (26, 'Donielle', 'Hassall', 'Independent', 'Female', 86, 'Post Graduate', 'California');
insert into candidate (candidateId, firstName, lastName, politicalAffiliation, gender, age, educationLevel, homeState) values (27, 'Arlen', 'Cantu', 'Independent', 'Male', 58, 'High School', 'District of Columbia');
insert into candidate (candidateId, firstName, lastName, politicalAffiliation, gender, age, educationLevel, homeState) values (28, 'Grissel', 'Gruszecki', 'Republican', 'Female', 94, 'High School', 'Florida');
insert into candidate (candidateId, firstName, lastName, politicalAffiliation, gender, age, educationLevel, homeState) values (29, 'Marnia', 'Ible', 'Republican', 'Female', 70, 'High School', 'Maryland');
insert into candidate (candidateId, firstName, lastName, politicalAffiliation, gender, age, educationLevel, homeState) values (30, 'Weylin', 'Cock', 'Democrat', 'Male', 72, 'College', 'Florida');
insert into candidate (candidateId, firstName, lastName, politicalAffiliation, gender, age, educationLevel, homeState) values (31, 'Gaven', 'Vivers', 'Democrat', 'Male', 43, 'Post Graduate', 'Pennsylvania');
insert into candidate (candidateId, firstName, lastName, politicalAffiliation, gender, age, educationLevel, homeState) values (32, 'Gussie', 'Farries', 'Independent', 'Female', 84, 'Post Graduate', 'Texas');
insert into candidate (candidateId, firstName, lastName, politicalAffiliation, gender, age, educationLevel, homeState) values (33, 'Ellynn', 'Sweet', 'Republican', 'Female', 92, 'Post Graduate', 'Texas');
insert into candidate (candidateId, firstName, lastName, politicalAffiliation, gender, age, educationLevel, homeState) values (34, 'Rafferty', 'Jenney', 'Independent', 'Male', 74, 'High School', 'Delaware');
insert into candidate (candidateId, firstName, lastName, politicalAffiliation, gender, age, educationLevel, homeState) values (35, 'Abra', 'Mallatratt', 'Democrat', 'Female', 82, 'Post Graduate', 'Virginia');

insert into election (electionId, year, winnerId, electoralVoteDifference, popularVoteDifference) values (1, 1888, '19', 320, 2);
insert into election (electionId, year, winnerId, electoralVoteDifference, popularVoteDifference) values (2, 1892, '25', 531, 228);
insert into election (electionId, year, winnerId, electoralVoteDifference, popularVoteDifference) values (3, 1896, '27', 370, 14);
insert into election (electionId, year, winnerId, electoralVoteDifference, popularVoteDifference) values (4, 1900, '12', 387, 87);
insert into election (electionId, year, winnerId, electoralVoteDifference, popularVoteDifference) values (5, 1904, '3', 151, 528);
insert into election (electionId, year, winnerId, electoralVoteDifference, popularVoteDifference) values (6, 1908, '26', 119, 301);
insert into election (electionId, year, winnerId, electoralVoteDifference, popularVoteDifference) values (7, 1912, '31', 507, 267);
insert into election (electionId, year, winnerId, electoralVoteDifference, popularVoteDifference) values (8, 1916, '28', 455, 425);
insert into election (electionId, year, winnerId, electoralVoteDifference, popularVoteDifference) values (9, 1920, '20', 135, 34);
insert into election (electionId, year, winnerId, electoralVoteDifference, popularVoteDifference) values (10, 1924, '17', 475, 144);
insert into election (electionId, year, winnerId, electoralVoteDifference, popularVoteDifference) values (11, 1928, '10', 284, 197);
insert into election (electionId, year, winnerId, electoralVoteDifference, popularVoteDifference) values (12, 1932, '2', 74, 264);
insert into election (electionId, year, winnerId, electoralVoteDifference, popularVoteDifference) values (13, 1936, '13', 124, 63);
insert into election (electionId, year, winnerId, electoralVoteDifference, popularVoteDifference) values (14, 1940, '15', 454, 248);
insert into election (electionId, year, winnerId, electoralVoteDifference, popularVoteDifference) values (15, 1944, '7', 331, 436);
insert into election (electionId, year, winnerId, electoralVoteDifference, popularVoteDifference) values (16, 1948, '23', 218, 209);
insert into election (electionId, year, winnerId, electoralVoteDifference, popularVoteDifference) values (17, 1952, '29', 231, 128);
insert into election (electionId, year, winnerId, electoralVoteDifference, popularVoteDifference) values (18, 1956, '32', 252, 138);
insert into election (electionId, year, winnerId, electoralVoteDifference, popularVoteDifference) values (19, 1960, '16', 453, 65);
insert into election (electionId, year, winnerId, electoralVoteDifference, popularVoteDifference) values (20, 1964, '8', 243, 352);
insert into election (electionId, year, winnerId, electoralVoteDifference, popularVoteDifference) values (21, 1968, '5', 253, 75);
insert into election (electionId, year, winnerId, electoralVoteDifference, popularVoteDifference) values (22, 1972, '1', 156, 36);
insert into election (electionId, year, winnerId, electoralVoteDifference, popularVoteDifference) values (23, 1976, '14', 181, 124);
insert into election (electionId, year, winnerId, electoralVoteDifference, popularVoteDifference) values (24, 1980, '21', 62, 459);
insert into election (electionId, year, winnerId, electoralVoteDifference, popularVoteDifference) values (25, 1984, '33', 85, 131);
insert into election (electionId, year, winnerId, electoralVoteDifference, popularVoteDifference) values (26, 1988, '11', 208, 2);
insert into election (electionId, year, winnerId, electoralVoteDifference, popularVoteDifference) values (27, 1992, '9', 526, 28);
insert into election (electionId, year, winnerId, electoralVoteDifference, popularVoteDifference) values (28, 1996, '22', 520, 442);
insert into election (electionId, year, winnerId, electoralVoteDifference, popularVoteDifference) values (29, 2000, '30', 14, 370);
insert into election (electionId, year, winnerId, electoralVoteDifference, popularVoteDifference) values (30, 2004, '18', 312, 190);
insert into election (electionId, year, winnerId, electoralVoteDifference, popularVoteDifference) values (31, 2008, '35', 266, 27);
insert into election (electionId, year, winnerId, electoralVoteDifference, popularVoteDifference) values (32, 2012, '24', 31, 60);
insert into election (electionId, year, winnerId, electoralVoteDifference, popularVoteDifference) values (33, 2016, '4', 107, 450);
insert into election (electionId, year, winnerId, electoralVoteDifference, popularVoteDifference) values (34, 2020, '6', 421, 167);
insert into election (electionId, year, winnerId, electoralVoteDifference, popularVoteDifference) values (35, 2024, NULL, NULL, NULL);

insert into ranIn (electionId, candidateId) values ('18', '35');
insert into ranIn (electionId, candidateId) values ('3', '6');
insert into ranIn (electionId, candidateId) values ('7', '4');
insert into ranIn (electionId, candidateId) values ('32', '27');
insert into ranIn (electionId, candidateId) values ('26', '19');
insert into ranIn (electionId, candidateId) values ('19', '11');
insert into ranIn (electionId, candidateId) values ('17', '11');
insert into ranIn (electionId, candidateId) values ('15', '32');
insert into ranIn (electionId, candidateId) values ('20', '34');
insert into ranIn (electionId, candidateId) values ('23', '21');
insert into ranIn (electionId, candidateId) values ('14', '31');
insert into ranIn (electionId, candidateId) values ('22', '26');
insert into ranIn (electionId, candidateId) values ('12', '9');
insert into ranIn (electionId, candidateId) values ('8', '24');
insert into ranIn (electionId, candidateId) values ('25', '12');
insert into ranIn (electionId, candidateId) values ('2', '14');
insert into ranIn (electionId, candidateId) values ('10', '23');
insert into ranIn (electionId, candidateId) values ('35', '5');
insert into ranIn (electionId, candidateId) values ('11', '18');
insert into ranIn (electionId, candidateId) values ('30', '8');
insert into ranIn (electionId, candidateId) values ('1', '20');
insert into ranIn (electionId, candidateId) values ('13', '3');
insert into ranIn (electionId, candidateId) values ('33', '2');
insert into ranIn (electionId, candidateId) values ('24', '29');
insert into ranIn (electionId, candidateId) values ('21', '10');
insert into ranIn (electionId, candidateId) values ('16', '30');
insert into ranIn (electionId, candidateId) values ('5', '15');
insert into ranIn (electionId, candidateId) values ('28', '33');
insert into ranIn (electionId, candidateId) values ('4', '28');
insert into ranIn (electionId, candidateId) values ('6', '25');
insert into ranIn (electionId, candidateId) values ('9', '13');
insert into ranIn (electionId, candidateId) values ('31', '1');
insert into ranIn (electionId, candidateId) values ('34', '16');
insert into ranIn (electionId, candidateId) values ('29', '22');
insert into ranIn (electionId, candidateId) values ('27', '17');
insert into ranIn (electionId, candidateId) values ('17', '21');
insert into ranIn (electionId, candidateId) values ('8', '3');
insert into ranIn (electionId, candidateId) values ('26', '26');
insert into ranIn (electionId, candidateId) values ('23', '13');
insert into ranIn (electionId, candidateId) values ('11', '10');
insert into ranIn (electionId, candidateId) values ('13', '18');
insert into ranIn (electionId, candidateId) values ('14', '30');
insert into ranIn (electionId, candidateId) values ('10', '20');
insert into ranIn (electionId, candidateId) values ('18', '2');
insert into ranIn (electionId, candidateId) values ('6', '11');
insert into ranIn (electionId, candidateId) values ('30', '32');
insert into ranIn (electionId, candidateId) values ('20', '6');
insert into ranIn (electionId, candidateId) values ('31', '14');
insert into ranIn (electionId, candidateId) values ('32', '5');
insert into ranIn (electionId, candidateId) values ('5', '25');
insert into ranIn (electionId, candidateId) values ('19', '7');
insert into ranIn (electionId, candidateId) values ('28', '1');
insert into ranIn (electionId, candidateId) values ('33', '35');
insert into ranIn (electionId, candidateId) values ('24', '15');
insert into ranIn (electionId, candidateId) values ('1', '12');
insert into ranIn (electionId, candidateId) values ('34', '8');
insert into ranIn (electionId, candidateId) values ('7', '9');
insert into ranIn (electionId, candidateId) values ('15', '16');
insert into ranIn (electionId, candidateId) values ('16', '31');
insert into ranIn (electionId, candidateId) values ('21', '17');
insert into ranIn (electionId, candidateId) values ('25', '19');
insert into ranIn (electionId, candidateId) values ('22', '24');
insert into ranIn (electionId, candidateId) values ('3', '4');
insert into ranIn (electionId, candidateId) values ('4', '23');
insert into ranIn (electionId, candidateId) values ('12', '28');
insert into ranIn (electionId, candidateId) values ('35', '22');
insert into ranIn (electionId, candidateId) values ('27', '33');
insert into ranIn (electionId, candidateId) values ('2', '29');
insert into ranIn (electionId, candidateId) values ('29', '34');
insert into ranIn (electionId, candidateId) values ('9', '27');
insert into ranIn (electionId, candidateId) values ('28', '28');
insert into ranIn (electionId, candidateId) values ('3', '22');
insert into ranIn (electionId, candidateId) values ('27', '1');
insert into ranIn (electionId, candidateId) values ('34', '34');
insert into ranIn (electionId, candidateId) values ('21', '35');
insert into ranIn (electionId, candidateId) values ('4', '15');
insert into ranIn (electionId, candidateId) values ('23', '19');
insert into ranIn (electionId, candidateId) values ('7', '24');
insert into ranIn (electionId, candidateId) values ('5', '30');
insert into ranIn (electionId, candidateId) values ('20', '20');
insert into ranIn (electionId, candidateId) values ('17', '9');
insert into ranIn (electionId, candidateId) values ('18', '7');
insert into ranIn (electionId, candidateId) values ('9', '6');
insert into ranIn (electionId, candidateId) values ('13', '29');
insert into ranIn (electionId, candidateId) values ('15', '13');
insert into ranIn (electionId, candidateId) values ('31', '4');
insert into ranIn (electionId, candidateId) values ('14', '21');
insert into ranIn (electionId, candidateId) values ('22', '5');
insert into ranIn (electionId, candidateId) values ('24', '32');
insert into ranIn (electionId, candidateId) values ('1', '33');
insert into ranIn (electionId, candidateId) values ('26', '8');
insert into ranIn (electionId, candidateId) values ('6', '3');
insert into ranIn (electionId, candidateId) values ('12', '26');
insert into ranIn (electionId, candidateId) values ('25', '27');
insert into ranIn (electionId, candidateId) values ('16', '14');
insert into ranIn (electionId, candidateId) values ('10', '11');
insert into ranIn (electionId, candidateId) values ('30', '31');
insert into ranIn (electionId, candidateId) values ('35', '10');
insert into ranIn (electionId, candidateId) values ('2', '2');
insert into ranIn (electionId, candidateId) values ('11', '16');
insert into ranIn (electionId, candidateId) values ('8', '18');
insert into ranIn (electionId, candidateId) values ('29', '12');
insert into ranIn (electionId, candidateId) values ('33', '25');
insert into ranIn (electionId, candidateId) values ('19', '23');
insert into ranIn (electionId, candidateId) values ('32', '17');
insert into ranIn (electionId, candidateId) values ('33', '9');
insert into ranIn (electionId, candidateId) values ('6', '13');
insert into ranIn (electionId, candidateId) values ('26', '22');
insert into ranIn (electionId, candidateId) values ('11', '31');
insert into ranIn (electionId, candidateId) values ('17', '7');
insert into ranIn (electionId, candidateId) values ('21', '7');
insert into ranIn (electionId, candidateId) values ('18', '15');
insert into ranIn (electionId, candidateId) values ('29', '20');
insert into ranIn (electionId, candidateId) values ('3', '27');
insert into ranIn (electionId, candidateId) values ('7', '32');
insert into ranIn (electionId, candidateId) values ('31', '10');
insert into ranIn (electionId, candidateId) values ('32', '18');
insert into ranIn (electionId, candidateId) values ('15', '34');
insert into ranIn (electionId, candidateId) values ('25', '14');
insert into ranIn (electionId, candidateId) values ('30', '24');
insert into ranIn (electionId, candidateId) values ('13', '6');
insert into ranIn (electionId, candidateId) values ('24', '12');
insert into ranIn (electionId, candidateId) values ('34', '25');
insert into ranIn (electionId, candidateId) values ('19', '21');
insert into ranIn (electionId, candidateId) values ('9', '8');
insert into ranIn (electionId, candidateId) values ('10', '26');
insert into ranIn (electionId, candidateId) values ('8', '11');
insert into ranIn (electionId, candidateId) values ('12', '29');
insert into ranIn (electionId, candidateId) values ('35', '28');
insert into ranIn (electionId, candidateId) values ('28', '2');
insert into ranIn (electionId, candidateId) values ('1', '23');
insert into ranIn (electionId, candidateId) values ('23', '16');
insert into ranIn (electionId, candidateId) values ('5', '29');
insert into ranIn (electionId, candidateId) values ('20', '19');
insert into ranIn (electionId, candidateId) values ('22', '33');
insert into ranIn (electionId, candidateId) values ('14', '5');
insert into ranIn (electionId, candidateId) values ('2', '4');
insert into ranIn (electionId, candidateId) values ('16', '35');
insert into ranIn (electionId, candidateId) values ('4', '1');
insert into ranIn (electionId, candidateId) values ('27', '3');
insert into ranIn (electionId, candidateId) values ('26', '20');
insert into ranIn (electionId, candidateId) values ('27', '35');
insert into ranIn (electionId, candidateId) values ('31', '19');
insert into ranIn (electionId, candidateId) values ('23', '17');
insert into ranIn (electionId, candidateId) values ('18', '4');
insert into ranIn (electionId, candidateId) values ('15', '24');
insert into ranIn (electionId, candidateId) values ('5', '23');
insert into ranIn (electionId, candidateId) values ('28', '13');
insert into ranIn (electionId, candidateId) values ('3', '16');
insert into ranIn (electionId, candidateId) values ('10', '24');

insert into stateResult (electionId, stateAbbr, stateName, numElectoralVotes, popularVoteRatio, voterTurnout, partyRepresentative) values ('34', 'NC', 'North Carolina', 11, 0.842, 0.433, 'Ly Griffey');
insert into stateResult (electionId, stateAbbr, stateName, numElectoralVotes, popularVoteRatio, voterTurnout, partyRepresentative) values ('20', 'PA', 'Pennsylvania', 13, 0.831, 0.608, 'Luigi Coen');
insert into stateResult (electionId, stateAbbr, stateName, numElectoralVotes, popularVoteRatio, voterTurnout, partyRepresentative) values ('8', 'CA', 'California', 27, 0.539, 0.485, 'Debera Chant');
insert into stateResult (electionId, stateAbbr, stateName, numElectoralVotes, popularVoteRatio, voterTurnout, partyRepresentative) values ('4', 'OH', 'Ohio', 2, 0.329, 0.61, 'Stanton Milkeham');
insert into stateResult (electionId, stateAbbr, stateName, numElectoralVotes, popularVoteRatio, voterTurnout, partyRepresentative) values ('2', 'FL', 'Florida', 19, 0.065, 0.258, 'Dulcea Jenteau');
insert into stateResult (electionId, stateAbbr, stateName, numElectoralVotes, popularVoteRatio, voterTurnout, partyRepresentative) values ('16', 'DC', 'District of Columbia', 12, 0.742, 0.62, 'Gonzalo Garriock');
insert into stateResult (electionId, stateAbbr, stateName, numElectoralVotes, popularVoteRatio, voterTurnout, partyRepresentative) values ('15', 'CA', 'California', 4, 0.904, 0.262, 'Roseline Cosbey');
insert into stateResult (electionId, stateAbbr, stateName, numElectoralVotes, popularVoteRatio, voterTurnout, partyRepresentative) values ('31', 'TX', 'Texas', 14, 0.747, 0.757, 'Jeremy Middup');
insert into stateResult (electionId, stateAbbr, stateName, numElectoralVotes, popularVoteRatio, voterTurnout, partyRepresentative) values ('23', 'PA', 'Pennsylvania', 1, 0.935, 0.971, 'Marleah Latimer');
insert into stateResult (electionId, stateAbbr, stateName, numElectoralVotes, popularVoteRatio, voterTurnout, partyRepresentative) values ('11', 'FL', 'Florida', 14, 0.505, 0.982, 'Ginger Anthiftle');
insert into stateResult (electionId, stateAbbr, stateName, numElectoralVotes, popularVoteRatio, voterTurnout, partyRepresentative) values ('32', 'TX', 'Texas', 17, 0.547, 0.07, 'Brigit Tozer');
insert into stateResult (electionId, stateAbbr, stateName, numElectoralVotes, popularVoteRatio, voterTurnout, partyRepresentative) values ('24', 'FL', 'Florida', 8, 0.15, 0.027, 'Larisa Wiltsher');
insert into stateResult (electionId, stateAbbr, stateName, numElectoralVotes, popularVoteRatio, voterTurnout, partyRepresentative) values ('25', 'CA', 'California', 27, 0.605, 0.349, 'Ferguson Marini');
insert into stateResult (electionId, stateAbbr, stateName, numElectoralVotes, popularVoteRatio, voterTurnout, partyRepresentative) values ('17', 'DC', 'District of Columbia', 8, 0.931, 0.396, 'Ashlie Sings');
insert into stateResult (electionId, stateAbbr, stateName, numElectoralVotes, popularVoteRatio, voterTurnout, partyRepresentative) values ('28', 'MI', 'Michigan', 14, 0.819, 0.544, 'Anne Noorwood');
insert into stateResult (electionId, stateAbbr, stateName, numElectoralVotes, popularVoteRatio, voterTurnout, partyRepresentative) values ('26', 'FL', 'Florida', 26, 0.299, 0.665, 'Urson Smaling');
insert into stateResult (electionId, stateAbbr, stateName, numElectoralVotes, popularVoteRatio, voterTurnout, partyRepresentative) values ('22', 'TX', 'Texas', 24, 0.586, 0.176, 'Vale Prescot');
insert into stateResult (electionId, stateAbbr, stateName, numElectoralVotes, popularVoteRatio, voterTurnout, partyRepresentative) values ('13', 'TX', 'Texas', 2, 0.395, 0.832, 'Juli Devitt');
insert into stateResult (electionId, stateAbbr, stateName, numElectoralVotes, popularVoteRatio, voterTurnout, partyRepresentative) values ('3', 'PA', 'Pennsylvania', 18, 0.954, 0.005, 'Adolphe Norwich');
insert into stateResult (electionId, stateAbbr, stateName, numElectoralVotes, popularVoteRatio, voterTurnout, partyRepresentative) values ('5', 'VA', 'Virginia', 25, 0.484, 0.271, 'Jessee Peters');
insert into stateResult (electionId, stateAbbr, stateName, numElectoralVotes, popularVoteRatio, voterTurnout, partyRepresentative) values ('19', 'IL', 'Illinois', 4, 0.088, 0.077, 'Myra Bentinck');
insert into stateResult (electionId, stateAbbr, stateName, numElectoralVotes, popularVoteRatio, voterTurnout, partyRepresentative) values ('7', 'CA', 'California', 20, 0.527, 0.027, 'Gaven Stithe');
insert into stateResult (electionId, stateAbbr, stateName, numElectoralVotes, popularVoteRatio, voterTurnout, partyRepresentative) values ('29', 'TX', 'Texas', 5, 0.46, 0.824, 'Nowell Dalligan');
insert into stateResult (electionId, stateAbbr, stateName, numElectoralVotes, popularVoteRatio, voterTurnout, partyRepresentative) values ('18', 'TX', 'Texas', 22, 0.001, 0.31, 'Brigit Beiderbeck');
insert into stateResult (electionId, stateAbbr, stateName, numElectoralVotes, popularVoteRatio, voterTurnout, partyRepresentative) values ('14', 'DC', 'District of Columbia', 14, 0.23, 0.338, 'Camella Tombleson');
insert into stateResult (electionId, stateAbbr, stateName, numElectoralVotes, popularVoteRatio, voterTurnout, partyRepresentative) values ('30', 'TX', 'Texas', 27, 0.864, 0.288, 'Yolane Jowitt');
insert into stateResult (electionId, stateAbbr, stateName, numElectoralVotes, popularVoteRatio, voterTurnout, partyRepresentative) values ('21', 'TX', 'Texas', 16, 0.609, 0.831, 'Bonnibelle Fenelow');
insert into stateResult (electionId, stateAbbr, stateName, numElectoralVotes, popularVoteRatio, voterTurnout, partyRepresentative) values ('35', 'IA', 'Iowa', 15, 0.096, 0.985, 'Daniel Muffitt');
insert into stateResult (electionId, stateAbbr, stateName, numElectoralVotes, popularVoteRatio, voterTurnout, partyRepresentative) values ('1', 'DC', 'District of Columbia', 13, 0.628, 0.181, 'Marcos Summerfield');
insert into stateResult (electionId, stateAbbr, stateName, numElectoralVotes, popularVoteRatio, voterTurnout, partyRepresentative) values ('6', 'GA', 'Georgia', 17, 0.019, 0.802, 'Skyler Pywell');
insert into stateResult (electionId, stateAbbr, stateName, numElectoralVotes, popularVoteRatio, voterTurnout, partyRepresentative) values ('12', 'FL', 'Florida', 29, 0.901, 0.419, 'Sena Kenryd');
insert into stateResult (electionId, stateAbbr, stateName, numElectoralVotes, popularVoteRatio, voterTurnout, partyRepresentative) values ('10', 'DC', 'District of Columbia', 6, 0.189, 0.238, 'Carree Groarty');
insert into stateResult (electionId, stateAbbr, stateName, numElectoralVotes, popularVoteRatio, voterTurnout, partyRepresentative) values ('9', 'CA', 'California', 13, 0.918, 0.024, 'Kelly Latimer');
insert into stateResult (electionId, stateAbbr, stateName, numElectoralVotes, popularVoteRatio, voterTurnout, partyRepresentative) values ('33', 'GA', 'Georgia', 16, 0.921, 0.176, 'Jason Ollington');
insert into stateResult (electionId, stateAbbr, stateName, numElectoralVotes, popularVoteRatio, voterTurnout, partyRepresentative) values ('27', 'CA', 'California', 2, 0.925, 0.052, 'Wallie Picford');
insert into stateResult (electionId, stateAbbr, stateName, numElectoralVotes, popularVoteRatio, voterTurnout, partyRepresentative) values ('20', 'NC', 'North Carolina', 28, 0.058, 0.074, 'Corrianne Caulliere');
insert into stateResult (electionId, stateAbbr, stateName, numElectoralVotes, popularVoteRatio, voterTurnout, partyRepresentative) values ('3', 'ND', 'North Dakota', 22, 0.258, 0.996, 'Grace Matkovic');
insert into stateResult (electionId, stateAbbr, stateName, numElectoralVotes, popularVoteRatio, voterTurnout, partyRepresentative) values ('31', 'OR', 'Oregon', 0, 0.624, 0.723, 'Kandace Straughan');
insert into stateResult (electionId, stateAbbr, stateName, numElectoralVotes, popularVoteRatio, voterTurnout, partyRepresentative) values ('34', 'CA', 'California', 5, 0.555, 0.093, 'Carol Dutnall');
insert into stateResult (electionId, stateAbbr, stateName, numElectoralVotes, popularVoteRatio, voterTurnout, partyRepresentative) values ('3', 'NC', 'North Carolina', 26, 0.77, 0.619, 'Orly Sammons');
insert into stateResult (electionId, stateAbbr, stateName, numElectoralVotes, popularVoteRatio, voterTurnout, partyRepresentative) values ('17', 'CA', 'California', 11, 0.267, 0.19, 'Blaine Reddyhoff');
insert into stateResult (electionId, stateAbbr, stateName, numElectoralVotes, popularVoteRatio, voterTurnout, partyRepresentative) values ('2', 'SC', 'South Carolina', 28, 0.804, 0.009, 'Rocky Thrustle');
insert into stateResult (electionId, stateAbbr, stateName, numElectoralVotes, popularVoteRatio, voterTurnout, partyRepresentative) values ('11', 'IN', 'Indiana', 25, 0.278, 0.662, 'Nial Rooney');
insert into stateResult (electionId, stateAbbr, stateName, numElectoralVotes, popularVoteRatio, voterTurnout, partyRepresentative) values ('30', 'IL', 'Illinois', 24, 0.301, 0.037, 'Kathlin Mantle');
insert into stateResult (electionId, stateAbbr, stateName, numElectoralVotes, popularVoteRatio, voterTurnout, partyRepresentative) values ('32', 'MN', 'Minnesota', 4, 0.871, 0.825, 'Erick Humm');

insert into policy (policyId, policyName, stance) values (1, 'Auto Insurance Policy', 'placerat praesent blandit nam nulla integer pede justo lacinia eget tincidunt eget tempus vel pede morbi porttitor lorem id ligula suspendisse ornare consequat lectus');
insert into policy (policyId, policyName, stance) values (2, 'Travel Insurance Policy', 'eu nibh quisque id justo sit amet sapien dignissim vestibulum vestibulum ante ipsum primis in faucibus orci luctus et ultrices posuere cubilia curae nulla dapibus');
insert into policy (policyId, policyName, stance) values (3, 'Pet Insurance Policy', 'congue etiam justo etiam pretium iaculis justo in hac habitasse platea dictumst etiam faucibus cursus urna');
insert into policy (policyId, policyName, stance) values (4, 'Renter''s Insurance Policy', 'convallis nulla neque libero convallis eget eleifend luctus ultricies eu nibh quisque id justo sit amet');
insert into policy (policyId, policyName, stance) values (5, 'Life Insurance Policy', 'ante ipsum primis in faucibus orci luctus et ultrices posuere cubilia curae donec pharetra magna vestibulum aliquet ultrices erat tortor sollicitudin mi sit amet lobortis sapien sapien non mi integer');
insert into policy (policyId, policyName, stance) values (6, 'Health Insurance Policy', 'odio odio elementum eu interdum eu tincidunt in leo maecenas pulvinar lobortis est phasellus');
insert into policy (policyId, policyName, stance) values (7, 'Business Insurance Policy', 'amet eros suspendisse accumsan tortor quis turpis sed ante vivamus tortor duis mattis egestas metus aenean fermentum donec ut mauris eget massa tempor convallis nulla neque libero convallis');
insert into policy (policyId, policyName, stance) values (8, 'Health Insurance Policy', 'sed lacus morbi sem mauris laoreet ut rhoncus aliquet pulvinar sed nisl nunc rhoncus');
insert into policy (policyId, policyName, stance) values (9, 'Auto Insurance Policy', 'sapien varius ut blandit non interdum in ante vestibulum ante ipsum primis in faucibus orci luctus et ultrices posuere cubilia curae duis faucibus');
insert into policy (policyId, policyName, stance) values (10, 'Pet Insurance Policy', 'malesuada in imperdiet et commodo vulputate justo in blandit ultrices enim lorem ipsum dolor sit amet consectetuer adipiscing elit proin interdum');
insert into policy (policyId, policyName, stance) values (11, 'Auto Insurance Policy', 'cras non velit nec nisi vulputate nonummy maecenas tincidunt lacus');
insert into policy (policyId, policyName, stance) values (12, 'Auto Insurance Policy', 'in est risus auctor sed tristique in tempus sit amet sem fusce consequat nulla nisl nunc nisl duis bibendum felis sed');
insert into policy (policyId, policyName, stance) values (13, 'Business Insurance Policy', 'pede lobortis ligula sit amet eleifend pede libero quis orci nullam molestie nibh in lectus');
insert into policy (policyId, policyName, stance) values (14, 'Travel Insurance Policy', 'elit ac nulla sed vel enim sit amet nunc viverra dapibus nulla suscipit ligula in lacus curabitur at ipsum ac tellus semper interdum mauris');
insert into policy (policyId, policyName, stance) values (15, 'Life Insurance Policy', 'magnis dis parturient montes nascetur ridiculus mus vivamus vestibulum sagittis sapien cum sociis natoque');
insert into policy (policyId, policyName, stance) values (16, 'Earthquake Insurance Policy', 'lacus at velit vivamus vel nulla eget eros elementum pellentesque quisque porta volutpat erat quisque erat eros viverra eget congue eget semper rutrum nulla nunc purus phasellus in felis donec');
insert into policy (policyId, policyName, stance) values (17, 'Renter''s Insurance Policy', 'non velit nec nisi vulputate nonummy maecenas tincidunt lacus at');
insert into policy (policyId, policyName, stance) values (18, 'Auto Insurance Policy', 'dapibus nulla suscipit ligula in lacus curabitur at ipsum ac tellus semper interdum mauris ullamcorper purus sit amet nulla');
insert into policy (policyId, policyName, stance) values (19, 'Business Insurance Policy', 'justo pellentesque viverra pede ac diam cras pellentesque volutpat dui');
insert into policy (policyId, policyName, stance) values (20, 'Health Insurance Policy', 'quisque porta volutpat erat quisque erat eros viverra eget congue eget semper rutrum nulla nunc purus phasellus in felis donec semper sapien a libero');
insert into policy (policyId, policyName, stance) values (21, 'Business Insurance Policy', 'amet nunc viverra dapibus nulla suscipit ligula in lacus curabitur at ipsum ac tellus semper interdum mauris ullamcorper purus sit amet');
insert into policy (policyId, policyName, stance) values (22, 'Renter''s Insurance Policy', 'et magnis dis parturient montes nascetur ridiculus mus vivamus vestibulum sagittis sapien cum sociis natoque penatibus et magnis dis parturient montes nascetur');
insert into policy (policyId, policyName, stance) values (23, 'Home Insurance Policy', 'non ligula pellentesque ultrices phasellus id sapien in sapien iaculis congue');
insert into policy (policyId, policyName, stance) values (24, 'Auto Insurance Policy', 'praesent blandit lacinia erat vestibulum sed magna at nunc commodo placerat praesent blandit');
insert into policy (policyId, policyName, stance) values (25, 'Travel Insurance Policy', 'orci luctus et ultrices posuere cubilia curae donec pharetra magna vestibulum aliquet ultrices erat tortor sollicitudin mi sit amet lobortis sapien sapien non mi integer ac');
insert into policy (policyId, policyName, stance) values (26, 'Earthquake Insurance Policy', 'placerat ante nulla justo aliquam quis turpis eget elit sodales scelerisque mauris sit');
insert into policy (policyId, policyName, stance) values (27, 'Earthquake Insurance Policy', 'sed tristique in tempus sit amet sem fusce consequat nulla nisl nunc nisl duis bibendum felis sed interdum venenatis turpis enim blandit');
insert into policy (policyId, policyName, stance) values (28, 'Travel Insurance Policy', 'ridiculus mus etiam vel augue vestibulum rutrum rutrum neque aenean auctor gravida sem praesent id massa id nisl venenatis lacinia aenean sit amet justo morbi ut odio cras mi');
insert into policy (policyId, policyName, stance) values (29, 'Travel Insurance Policy', 'leo maecenas pulvinar lobortis est phasellus sit amet erat nulla tempus vivamus in');
insert into policy (policyId, policyName, stance) values (30, 'Renter''s Insurance Policy', 'donec ut dolor morbi vel lectus in quam fringilla rhoncus mauris enim leo rhoncus sed vestibulum sit amet cursus id turpis integer aliquet massa id lobortis convallis tortor risus');
insert into policy (policyId, policyName, stance) values (31, 'Renter''s Insurance Policy', 'nulla tellus in sagittis dui vel nisl duis ac nibh fusce lacus purus aliquet at');
insert into policy (policyId, policyName, stance) values (32, 'Pet Insurance Policy', 'integer non velit donec diam neque vestibulum eget vulputate ut ultrices vel augue vestibulum ante ipsum primis in faucibus orci luctus');
insert into policy (policyId, policyName, stance) values (33, 'Earthquake Insurance Policy', 'platea dictumst morbi vestibulum velit id pretium iaculis diam erat fermentum justo nec condimentum neque sapien placerat ante nulla justo aliquam quis turpis eget elit sodales scelerisque mauris sit');
insert into policy (policyId, policyName, stance) values (34, 'Auto Insurance Policy', 'venenatis non sodales sed tincidunt eu felis fusce posuere felis sed lacus morbi sem mauris laoreet ut rhoncus aliquet');
insert into policy (policyId, policyName, stance) values (35, 'Home Insurance Policy', 'enim blandit mi in porttitor pede justo eu massa donec dapibus duis at velit eu est congue elementum in hac habitasse platea dictumst morbi vestibulum velit id pretium iaculis diam');

insert into advocatesFor (policyId, candidateId) values ('8', '35');
insert into advocatesFor (policyId, candidateId) values ('15', '21');
insert into advocatesFor (policyId, candidateId) values ('35', '14');
insert into advocatesFor (policyId, candidateId) values ('27', '17');
insert into advocatesFor (policyId, candidateId) values ('23', '34');
insert into advocatesFor (policyId, candidateId) values ('20', '33');
insert into advocatesFor (policyId, candidateId) values ('14', '10');
insert into advocatesFor (policyId, candidateId) values ('24', '4');
insert into advocatesFor (policyId, candidateId) values ('18', '29');
insert into advocatesFor (policyId, candidateId) values ('30', '30');
insert into advocatesFor (policyId, candidateId) values ('11', '6');
insert into advocatesFor (policyId, candidateId) values ('3', '27');
insert into advocatesFor (policyId, candidateId) values ('10', '24');
insert into advocatesFor (policyId, candidateId) values ('16', '19');
insert into advocatesFor (policyId, candidateId) values ('21', '3');
insert into advocatesFor (policyId, candidateId) values ('9', '18');
insert into advocatesFor (policyId, candidateId) values ('28', '12');
insert into advocatesFor (policyId, candidateId) values ('29', '20');
insert into advocatesFor (policyId, candidateId) values ('1', '32');
insert into advocatesFor (policyId, candidateId) values ('33', '31');
insert into advocatesFor (policyId, candidateId) values ('2', '13');
insert into advocatesFor (policyId, candidateId) values ('4', '9');
insert into advocatesFor (policyId, candidateId) values ('25', '22');
insert into advocatesFor (policyId, candidateId) values ('22', '16');
insert into advocatesFor (policyId, candidateId) values ('7', '5');
insert into advocatesFor (policyId, candidateId) values ('31', '1');
insert into advocatesFor (policyId, candidateId) values ('12', '7');
insert into advocatesFor (policyId, candidateId) values ('17', '28');
insert into advocatesFor (policyId, candidateId) values ('32', '2');
insert into advocatesFor (policyId, candidateId) values ('6', '15');
insert into advocatesFor (policyId, candidateId) values ('5', '11');
insert into advocatesFor (policyId, candidateId) values ('19', '26');
insert into advocatesFor (policyId, candidateId) values ('26', '25');
insert into advocatesFor (policyId, candidateId) values ('13', '23');
insert into advocatesFor (policyId, candidateId) values ('34', '8');
insert into advocatesFor (policyId, candidateId) values ('3', '35');
insert into advocatesFor (policyId, candidateId) values ('14', '25');
insert into advocatesFor (policyId, candidateId) values ('8', '22');
insert into advocatesFor (policyId, candidateId) values ('35', '31');
insert into advocatesFor (policyId, candidateId) values ('31', '3');
insert into advocatesFor (policyId, candidateId) values ('7', '17');
insert into advocatesFor (policyId, candidateId) values ('21', '30');
insert into advocatesFor (policyId, candidateId) values ('16', '12');
insert into advocatesFor (policyId, candidateId) values ('4', '15');
insert into advocatesFor (policyId, candidateId) values ('24', '33');
insert into advocatesFor (policyId, candidateId) values ('13', '34');
insert into advocatesFor (policyId, candidateId) values ('17', '4');
insert into advocatesFor (policyId, candidateId) values ('18', '1');
insert into advocatesFor (policyId, candidateId) values ('20', '26');
insert into advocatesFor (policyId, candidateId) values ('12', '9');
insert into advocatesFor (policyId, candidateId) values ('22', '20');
insert into advocatesFor (policyId, candidateId) values ('34', '5');
insert into advocatesFor (policyId, candidateId) values ('6', '23');
insert into advocatesFor (policyId, candidateId) values ('5', '19');
insert into advocatesFor (policyId, candidateId) values ('25', '27');
insert into advocatesFor (policyId, candidateId) values ('32', '7');
insert into advocatesFor (policyId, candidateId) values ('26', '16');
insert into advocatesFor (policyId, candidateId) values ('2', '14');
insert into advocatesFor (policyId, candidateId) values ('33', '10');
insert into advocatesFor (policyId, candidateId) values ('29', '21');
insert into advocatesFor (policyId, candidateId) values ('11', '11');
insert into advocatesFor (policyId, candidateId) values ('30', '2');
insert into advocatesFor (policyId, candidateId) values ('9', '14');
insert into advocatesFor (policyId, candidateId) values ('27', '18');
insert into advocatesFor (policyId, candidateId) values ('19', '24');
insert into advocatesFor (policyId, candidateId) values ('23', '6');
insert into advocatesFor (policyId, candidateId) values ('10', '29');
insert into advocatesFor (policyId, candidateId) values ('28', '8');
insert into advocatesFor (policyId, candidateId) values ('15', '28');
insert into advocatesFor (policyId, candidateId) values ('1', '31');
insert into advocatesFor (policyId, candidateId) values ('31', '28');
insert into advocatesFor (policyId, candidateId) values ('1', '35');
insert into advocatesFor (policyId, candidateId) values ('5', '1');
insert into advocatesFor (policyId, candidateId) values ('9', '30');
insert into advocatesFor (policyId, candidateId) values ('2', '17');
insert into advocatesFor (policyId, candidateId) values ('33', '2');
insert into advocatesFor (policyId, candidateId) values ('24', '34');
insert into advocatesFor (policyId, candidateId) values ('14', '32');
insert into advocatesFor (policyId, candidateId) values ('13', '29');
insert into advocatesFor (policyId, candidateId) values ('26', '27');
insert into advocatesFor (policyId, candidateId) values ('19', '15');
insert into advocatesFor (policyId, candidateId) values ('25', '7');
insert into advocatesFor (policyId, candidateId) values ('32', '11');
insert into advocatesFor (policyId, candidateId) values ('23', '19');
insert into advocatesFor (policyId, candidateId) values ('17', '18');
insert into advocatesFor (policyId, candidateId) values ('28', '23');
insert into advocatesFor (policyId, candidateId) values ('8', '3');
insert into advocatesFor (policyId, candidateId) values ('16', '20');
insert into advocatesFor (policyId, candidateId) values ('30', '22');
insert into advocatesFor (policyId, candidateId) values ('15', '31');
insert into advocatesFor (policyId, candidateId) values ('27', '13');
insert into advocatesFor (policyId, candidateId) values ('21', '12');
insert into advocatesFor (policyId, candidateId) values ('18', '5');
insert into advocatesFor (policyId, candidateId) values ('35', '9');
insert into advocatesFor (policyId, candidateId) values ('4', '25');
insert into advocatesFor (policyId, candidateId) values ('10', '23');
insert into advocatesFor (policyId, candidateId) values ('20', '8');
insert into advocatesFor (policyId, candidateId) values ('22', '8');
insert into advocatesFor (policyId, candidateId) values ('34', '10');
insert into advocatesFor (policyId, candidateId) values ('11', '7');

insert into votingCenter (votingCenterId, street, city, state, zipcode) values (1, '342 Beilfuss Alley', 'Meadowbrook', 'NY', '39646');
insert into votingCenter (votingCenterId, street, city, state, zipcode) values (2, '49637 Ronald Regan Park', 'Woodland Hills', 'TX', '05556');
insert into votingCenter (votingCenterId, street, city, state, zipcode) values (3, '5 Oakridge Point', 'Brookside', 'NY', '01204');
insert into votingCenter (votingCenterId, street, city, state, zipcode) values (4, '7 Trailsway Street', 'Lakeview', 'TX', '88437');
insert into votingCenter (votingCenterId, street, city, state, zipcode) values (5, '7 Meadow Vale Terrace', 'Meadowbrook', 'AZ', '25416');
insert into votingCenter (votingCenterId, street, city, state, zipcode) values (6, '529 Erie Park', 'Pleasant Valley', 'TX', '83541');
insert into votingCenter (votingCenterId, street, city, state, zipcode) values (7, '933 Melby Park', 'Silver Springs', 'CO', '07942');
insert into votingCenter (votingCenterId, street, city, state, zipcode) values (8, '79 Algoma Court', 'Pleasant Valley', 'AZ', '23262');
insert into votingCenter (votingCenterId, street, city, state, zipcode) values (9, '59795 Artisan Hill', 'Riverdale', 'TX', '85525');
insert into votingCenter (votingCenterId, street, city, state, zipcode) values (10, '5 Weeping Birch Crossing', 'Oakdale', 'KS', '37966');
insert into votingCenter (votingCenterId, street, city, state, zipcode) values (11, '109 East Plaza', 'Clearwater', 'NY', '23486');
insert into votingCenter (votingCenterId, street, city, state, zipcode) values (12, '71 Pierstorff Park', 'Windsor Park', 'CA', '70024');
insert into votingCenter (votingCenterId, street, city, state, zipcode) values (13, '93323 Forster Hill', 'Pine Valley', 'FL', '93332');
insert into votingCenter (votingCenterId, street, city, state, zipcode) values (14, '6527 Cascade Center', 'Sunnydale', 'TX', '48705');
insert into votingCenter (votingCenterId, street, city, state, zipcode) values (15, '9 Hollow Ridge Avenue', 'Hickory Hills', 'CA', '69528');
insert into votingCenter (votingCenterId, street, city, state, zipcode) values (16, '75 Florence Way', 'Cedar Ridge', 'TX', '13264');
insert into votingCenter (votingCenterId, street, city, state, zipcode) values (17, '5 Mockingbird Way', 'Fairview', 'KY', '79219');
insert into votingCenter (votingCenterId, street, city, state, zipcode) values (18, '6251 Sheridan Drive', 'Hickory Hills', 'IN', '89877');
insert into votingCenter (votingCenterId, street, city, state, zipcode) values (19, '9447 Graceland Terrace', 'Windsor Park', 'GA', '11977');
insert into votingCenter (votingCenterId, street, city, state, zipcode) values (20, '391 Golf Junction', 'Pine Valley', 'OH', '04931');
insert into votingCenter (votingCenterId, street, city, state, zipcode) values (21, '91 Cody Place', 'Valley Forge', 'LA', '24830');
insert into votingCenter (votingCenterId, street, city, state, zipcode) values (22, '75821 Armistice Avenue', 'Lakeview', 'DC', '00332');
insert into votingCenter (votingCenterId, street, city, state, zipcode) values (23, '434 Forest Run Plaza', 'Briarwood', 'SC', '54762');
insert into votingCenter (votingCenterId, street, city, state, zipcode) values (24, '6 Mockingbird Park', 'Greenwood', 'AZ', '10343');
insert into votingCenter (votingCenterId, street, city, state, zipcode) values (25, '792 Knutson Lane', 'Brookside', 'OK', '50842');
insert into votingCenter (votingCenterId, street, city, state, zipcode) values (26, '81 Toban Point', 'Sunset Hills', 'MN', '29307');
insert into votingCenter (votingCenterId, street, city, state, zipcode) values (27, '44 Grasskamp Junction', 'Briarwood', 'CT', '54515');
insert into votingCenter (votingCenterId, street, city, state, zipcode) values (28, '97 Pearson Drive', 'Hillcrest', 'MI', '29849');
insert into votingCenter (votingCenterId, street, city, state, zipcode) values (29, '3153 Westridge Junction', 'Springfield', 'NY', '46715');
insert into votingCenter (votingCenterId, street, city, state, zipcode) values (30, '10536 Little Fleur Place', 'Meadowbrook', 'LA', '68400');
insert into votingCenter (votingCenterId, street, city, state, zipcode) values (31, '9 Hintze Point', 'Oakdale', 'LA', '04229');
insert into votingCenter (votingCenterId, street, city, state, zipcode) values (32, '6857 Blue Bill Park Pass', 'Clearwater', 'NY', '05227');
insert into votingCenter (votingCenterId, street, city, state, zipcode) values (33, '51 Tony Place', 'Chestnut Ridge', 'FL', '90406');
insert into votingCenter (votingCenterId, street, city, state, zipcode) values (34, '9733 Cherokee Pass', 'Golden Grove', 'DC', '85320');
insert into votingCenter (votingCenterId, street, city, state, zipcode) values (35, '355 Bobwhite Circle', 'Oakdale', 'NY', '45594');

insert into voter (voterId, politicalAffiliation, state, county, age, incomeLevel, ethnicity, gender, candidateId, votingCenterId) values (1, 'Democrat', 'California', 'Greenwood County', 36, '$58.000 - $94.000', 'White', 'Male', '19', '25');
insert into voter (voterId, politicalAffiliation, state, county, age, incomeLevel, ethnicity, gender, candidateId, votingCenterId) values (2, 'Independent', 'Texas', 'Clearwater County', 78, '< $30.000', 'Hispanic or Latino', 'Male', '16', '22');
insert into voter (voterId, politicalAffiliation, state, county, age, incomeLevel, ethnicity, gender, candidateId, votingCenterId) values (3, 'Republican', 'Missouri', 'Clearwater County', 61, '< $30.000', 'White', 'Other', '14', '24');
insert into voter (voterId, politicalAffiliation, state, county, age, incomeLevel, ethnicity, gender, candidateId, votingCenterId) values (4, 'Independent', 'New York', 'Washington County', 58, '$94.000 - $153.000', 'Black or African American', 'Other', '8', '9');
insert into voter (voterId, politicalAffiliation, state, county, age, incomeLevel, ethnicity, gender, candidateId, votingCenterId) values (5, 'Independent', 'New York', 'Mountainview County', 87, '< $30.000', 'Native American or Alaska Native', 'Female', '28', '21');
insert into voter (voterId, politicalAffiliation, state, county, age, incomeLevel, ethnicity, gender, candidateId, votingCenterId) values (6, 'Democrat', 'Arizona', 'Maplewood County', 15, '< $30.000', 'White', 'Other', '11', '23');
insert into voter (voterId, politicalAffiliation, state, county, age, incomeLevel, ethnicity, gender, candidateId, votingCenterId) values (7, 'Democrat', 'Arizona', 'Greenwood County', 25, '< $30.000', 'Native Hawaiian or Other Pacific Islander', 'Male', '22', '15');
insert into voter (voterId, politicalAffiliation, state, county, age, incomeLevel, ethnicity, gender, candidateId, votingCenterId) values (8, 'Democrat', 'Minnesota', 'Clearwater County', 25, '$58.000 - $94.000', 'White', 'Other', '24', '6');
insert into voter (voterId, politicalAffiliation, state, county, age, incomeLevel, ethnicity, gender, candidateId, votingCenterId) values (9, 'Independent', 'Tennessee', 'Harborview County', 71, '$58.000 - $94.000', 'Asian', 'Other', '13', '32');
insert into voter (voterId, politicalAffiliation, state, county, age, incomeLevel, ethnicity, gender, candidateId, votingCenterId) values (10, 'Independent', 'North Carolina', 'Meadowbrook County', 12, '> $153.000', 'White', 'Other', '27', '5');
insert into voter (voterId, politicalAffiliation, state, county, age, incomeLevel, ethnicity, gender, candidateId, votingCenterId) values (11, 'Democrat', 'Pennsylvania', 'Pleasantville County', 48, '< $30.000', 'White', 'Female', '4', '8');
insert into voter (voterId, politicalAffiliation, state, county, age, incomeLevel, ethnicity, gender, candidateId, votingCenterId) values (12, 'Republican', 'Missouri', 'Lakeside County', 66, '$30.000 - $58.000', 'Asian', 'Other', '29', '18');
insert into voter (voterId, politicalAffiliation, state, county, age, incomeLevel, ethnicity, gender, candidateId, votingCenterId) values (13, 'Democrat', 'New York', 'Riverdale County', 94, '$30.000 - $58.000', 'White', 'Male', '9', '19');
insert into voter (voterId, politicalAffiliation, state, county, age, incomeLevel, ethnicity, gender, candidateId, votingCenterId) values (14, 'Republican', 'Nevada', 'Greenwood County', 65, '$30.000 - $58.000', 'Black or African American', 'Female', '15', '7');
insert into voter (voterId, politicalAffiliation, state, county, age, incomeLevel, ethnicity, gender, candidateId, votingCenterId) values (15, 'Republican', 'North Carolina', 'Washington County', 3, '$94.000 - $153.000', 'Hispanic or Latino', 'Other', '25', '33');
insert into voter (voterId, politicalAffiliation, state, county, age, incomeLevel, ethnicity, gender, candidateId, votingCenterId) values (16, 'Republican', 'Louisiana', 'Jefferson County', 2, '< $30.000', 'Native American or Alaska Native', 'Other', '34', '31');
insert into voter (voterId, politicalAffiliation, state, county, age, incomeLevel, ethnicity, gender, candidateId, votingCenterId) values (17, 'Republican', 'Colorado', 'Lakeside County', 70, '$30.000 - $58.000', 'Native Hawaiian or Other Pacific Islander', 'Other', '32', '27');
insert into voter (voterId, politicalAffiliation, state, county, age, incomeLevel, ethnicity, gender, candidateId, votingCenterId) values (18, 'Independent', 'California', 'Lakeside County', 33, '$30.000 - $58.000', 'Black or African American', 'Male', '33', '17');
insert into voter (voterId, politicalAffiliation, state, county, age, incomeLevel, ethnicity, gender, candidateId, votingCenterId) values (19, 'Democrat', 'Kentucky', 'Mountainview County', 52, '$30.000 - $58.000', 'Native Hawaiian or Other Pacific Islander', 'Other', '12', '12');
insert into voter (voterId, politicalAffiliation, state, county, age, incomeLevel, ethnicity, gender, candidateId, votingCenterId) values (20, 'Independent', 'Minnesota', 'Golden Hills County', 40, '< $30.000', 'White', 'Other', '2', '2');
insert into voter (voterId, politicalAffiliation, state, county, age, incomeLevel, ethnicity, gender, candidateId, votingCenterId) values (21, 'Democrat', 'California', 'Maplewood County', 97, '< $30.000', 'Hispanic or Latino', 'Female', '6', '11');
insert into voter (voterId, politicalAffiliation, state, county, age, incomeLevel, ethnicity, gender, candidateId, votingCenterId) values (22, 'Independent', 'California', 'Sunnydale County', 46, '< $30.000', 'Native American or Alaska Native', 'Male', '18', '26');
insert into voter (voterId, politicalAffiliation, state, county, age, incomeLevel, ethnicity, gender, candidateId, votingCenterId) values (23, 'Democrat', 'California', 'Jefferson County', 42, '$30.000 - $58.000', 'Black or African American', 'Male', '35', '20');
insert into voter (voterId, politicalAffiliation, state, county, age, incomeLevel, ethnicity, gender, candidateId, votingCenterId) values (24, 'Republican', 'Virginia', 'Oak Ridge County', 19, '$94.000 - $153.000', 'Black or African American', 'Male', '17', '34');
insert into voter (voterId, politicalAffiliation, state, county, age, incomeLevel, ethnicity, gender, candidateId, votingCenterId) values (25, 'Democrat', 'Michigan', 'Fairview County', 94, '$30.000 - $58.000', 'Black or African American', 'Female', '7', '35');
insert into voter (voterId, politicalAffiliation, state, county, age, incomeLevel, ethnicity, gender, candidateId, votingCenterId) values (26, 'Democrat', 'California', 'Clearwater County', 61, '> $153.000', 'Native American or Alaska Native', 'Female', '30', '1');
insert into voter (voterId, politicalAffiliation, state, county, age, incomeLevel, ethnicity, gender, candidateId, votingCenterId) values (27, 'Republican', 'Illinois', 'Meadowbrook County', 9, '< $30.000', 'White', 'Other', '3', '10');
insert into voter (voterId, politicalAffiliation, state, county, age, incomeLevel, ethnicity, gender, candidateId, votingCenterId) values (28, 'Republican', 'Florida', 'Springfield County', 30, '$58.000 - $94.000', 'Black or African American', 'Male', '5', '3');
insert into voter (voterId, politicalAffiliation, state, county, age, incomeLevel, ethnicity, gender, candidateId, votingCenterId) values (29, 'Independent', 'Michigan', 'Lakeside County', 11, '$30.000 - $58.000', 'Hispanic or Latino', 'Female', '21', '13');
insert into voter (voterId, politicalAffiliation, state, county, age, incomeLevel, ethnicity, gender, candidateId, votingCenterId) values (30, 'Republican', 'Maryland', 'Willow Creek County', 41, '$94.000 - $153.000', 'Black or African American', 'Other', '20', '29');
insert into voter (voterId, politicalAffiliation, state, county, age, incomeLevel, ethnicity, gender, candidateId, votingCenterId) values (31, 'Independent', 'New York', 'Cedar Grove County', 37, '> $153.000', 'Asian', 'Female', '26', '14');
insert into voter (voterId, politicalAffiliation, state, county, age, incomeLevel, ethnicity, gender, candidateId, votingCenterId) values (32, 'Republican', 'Indiana', 'Greenwood County', 9, '$30.000 - $58.000', 'Hispanic or Latino', 'Other', '31', '16');
insert into voter (voterId, politicalAffiliation, state, county, age, incomeLevel, ethnicity, gender, candidateId, votingCenterId) values (33, 'Republican', 'California', 'Jefferson County', 43, '$58.000 - $94.000', 'Hispanic or Latino', 'Female', '1', '30');
insert into voter (voterId, politicalAffiliation, state, county, age, incomeLevel, ethnicity, gender, candidateId, votingCenterId) values (34, 'Independent', 'Texas', 'Willow Creek County', 87, '> $153.000', 'Native American or Alaska Native', 'Female', '23', '28');
insert into voter (voterId, politicalAffiliation, state, county, age, incomeLevel, ethnicity, gender, candidateId, votingCenterId) values (35, 'Republican', 'Texas', 'Hillcrest County', 36, '$30.000 - $58.000', 'Asian', 'Male', '10', '4');

insert into voterSiteSurvey (voterSurveyId, foundVotingCenter, isUserFriendly, foundNeededInfo, informedAboutCandidate, discoveredWhere, createdAt, updatedAt, voterId) values (1, false, 10, 1, true, 'Website', '2005-10-01 09:21:09', '2023-10-13 07:43:52', '24');
insert into voterSiteSurvey (voterSurveyId, foundVotingCenter, isUserFriendly, foundNeededInfo, informedAboutCandidate, discoveredWhere, createdAt, updatedAt, voterId) values (2, false, 7, 9, false, 'Newsletter', '2013-06-17 18:40:50', '2013-01-04 04:19:06', '21');
insert into voterSiteSurvey (voterSurveyId, foundVotingCenter, isUserFriendly, foundNeededInfo, informedAboutCandidate, discoveredWhere, createdAt, updatedAt, voterId) values (3, false, 3, 2, false, 'Word of Mouth', '2008-01-06 01:32:22', '2022-01-20 23:45:05', '6');
insert into voterSiteSurvey (voterSurveyId, foundVotingCenter, isUserFriendly, foundNeededInfo, informedAboutCandidate, discoveredWhere, createdAt, updatedAt, voterId) values (4, false, 10, 5, true, 'Online Advertisement', '2010-03-04 11:06:03', '2020-08-16 23:31:24', '35');
insert into voterSiteSurvey (voterSurveyId, foundVotingCenter, isUserFriendly, foundNeededInfo, informedAboutCandidate, discoveredWhere, createdAt, updatedAt, voterId) values (5, true, 1, 3, true, 'Video Platform', '2013-05-06 18:31:11', '2006-05-31 21:47:39', '5');
insert into voterSiteSurvey (voterSurveyId, foundVotingCenter, isUserFriendly, foundNeededInfo, informedAboutCandidate, discoveredWhere, createdAt, updatedAt, voterId) values (6, false, 10, 5, false, 'Online Forum', '2013-09-29 15:34:38', '2011-08-28 13:31:12', '1');
insert into voterSiteSurvey (voterSurveyId, foundVotingCenter, isUserFriendly, foundNeededInfo, informedAboutCandidate, discoveredWhere, createdAt, updatedAt, voterId) values (7, false, 5, 9, false, 'Word of Mouth', '2007-01-28 18:00:20', '2021-09-30 04:29:06', '29');
insert into voterSiteSurvey (voterSurveyId, foundVotingCenter, isUserFriendly, foundNeededInfo, informedAboutCandidate, discoveredWhere, createdAt, updatedAt, voterId) values (8, true, 8, 3, false, 'Website', '2011-03-11 10:49:41', '2023-07-31 10:41:07', '22');
insert into voterSiteSurvey (voterSurveyId, foundVotingCenter, isUserFriendly, foundNeededInfo, informedAboutCandidate, discoveredWhere, createdAt, updatedAt, voterId) values (9, true, 4, 1, true, 'Video Platform', '2009-05-04 18:22:12', '2016-10-25 10:36:18', '26');
insert into voterSiteSurvey (voterSurveyId, foundVotingCenter, isUserFriendly, foundNeededInfo, informedAboutCandidate, discoveredWhere, createdAt, updatedAt, voterId) values (10, false, 10, 4, false, 'Website', '2018-10-13 14:21:57', '2015-09-04 06:31:37', '28');
insert into voterSiteSurvey (voterSurveyId, foundVotingCenter, isUserFriendly, foundNeededInfo, informedAboutCandidate, discoveredWhere, createdAt, updatedAt, voterId) values (11, false, 6, 9, false, 'Social Media', '2018-07-12 12:32:52', '2016-10-18 15:56:37', '16');
insert into voterSiteSurvey (voterSurveyId, foundVotingCenter, isUserFriendly, foundNeededInfo, informedAboutCandidate, discoveredWhere, createdAt, updatedAt, voterId) values (12, false, 10, 7, true, 'Online Forum', '2008-07-17 02:17:03', '2010-06-11 20:18:45', '11');
insert into voterSiteSurvey (voterSurveyId, foundVotingCenter, isUserFriendly, foundNeededInfo, informedAboutCandidate, discoveredWhere, createdAt, updatedAt, voterId) values (13, true, 6, 9, true, 'Blog', '2016-03-02 10:40:04', '2011-12-11 18:48:55', '30');
insert into voterSiteSurvey (voterSurveyId, foundVotingCenter, isUserFriendly, foundNeededInfo, informedAboutCandidate, discoveredWhere, createdAt, updatedAt, voterId) values (14, true, 4, 2, true, 'Search Engine', '2007-08-13 04:31:44', '2020-08-01 06:10:34', '12');
insert into voterSiteSurvey (voterSurveyId, foundVotingCenter, isUserFriendly, foundNeededInfo, informedAboutCandidate, discoveredWhere, createdAt, updatedAt, voterId) values (15, false, 6, 10, true, 'Word of Mouth', '2019-01-16 11:42:34', '2023-06-13 22:29:30', '32');
insert into voterSiteSurvey (voterSurveyId, foundVotingCenter, isUserFriendly, foundNeededInfo, informedAboutCandidate, discoveredWhere, createdAt, updatedAt, voterId) values (16, true, 9, 1, false, 'Video Platform', '2010-07-14 16:55:25', '2006-11-18 09:47:15', '8');
insert into voterSiteSurvey (voterSurveyId, foundVotingCenter, isUserFriendly, foundNeededInfo, informedAboutCandidate, discoveredWhere, createdAt, updatedAt, voterId) values (17, true, 6, 10, true, 'Word of Mouth', '2022-08-02 17:34:41', '2015-06-10 10:41:16', '23');
insert into voterSiteSurvey (voterSurveyId, foundVotingCenter, isUserFriendly, foundNeededInfo, informedAboutCandidate, discoveredWhere, createdAt, updatedAt, voterId) values (18, true, 8, 3, true, 'Word of Mouth', '2010-07-29 01:48:47', '2009-02-27 03:17:54', '33');
insert into voterSiteSurvey (voterSurveyId, foundVotingCenter, isUserFriendly, foundNeededInfo, informedAboutCandidate, discoveredWhere, createdAt, updatedAt, voterId) values (19, true, 10, 9, true, 'Online Forum', '2015-04-29 18:10:26', '2018-07-22 09:28:08', '34');
insert into voterSiteSurvey (voterSurveyId, foundVotingCenter, isUserFriendly, foundNeededInfo, informedAboutCandidate, discoveredWhere, createdAt, updatedAt, voterId) values (20, false, 7, 2, true, 'Article', '2024-04-29 11:11:24', '2014-01-04 03:23:22', '9');
insert into voterSiteSurvey (voterSurveyId, foundVotingCenter, isUserFriendly, foundNeededInfo, informedAboutCandidate, discoveredWhere, createdAt, updatedAt, voterId) values (21, true, 8, 8, true, 'Social Media', '2018-11-06 15:43:13', '2007-05-18 20:26:14', '18');
insert into voterSiteSurvey (voterSurveyId, foundVotingCenter, isUserFriendly, foundNeededInfo, informedAboutCandidate, discoveredWhere, createdAt, updatedAt, voterId) values (22, false, 9, 2, false, 'Search Engine', '2015-06-09 18:04:16', '2007-07-07 09:57:06', '31');
insert into voterSiteSurvey (voterSurveyId, foundVotingCenter, isUserFriendly, foundNeededInfo, informedAboutCandidate, discoveredWhere, createdAt, updatedAt, voterId) values (23, true, 9, 10, false, 'Blog', '2012-01-29 14:00:34', '2023-06-05 10:43:57', '2');
insert into voterSiteSurvey (voterSurveyId, foundVotingCenter, isUserFriendly, foundNeededInfo, informedAboutCandidate, discoveredWhere, createdAt, updatedAt, voterId) values (24, false, 4, 4, false, 'Social Media', '2018-06-27 05:58:55', '2018-06-26 13:49:33', '14');
insert into voterSiteSurvey (voterSurveyId, foundVotingCenter, isUserFriendly, foundNeededInfo, informedAboutCandidate, discoveredWhere, createdAt, updatedAt, voterId) values (25, false, 8, 6, false, 'Online Forum', '2006-09-16 09:04:28', '2023-08-25 14:22:26', '4');
insert into voterSiteSurvey (voterSurveyId, foundVotingCenter, isUserFriendly, foundNeededInfo, informedAboutCandidate, discoveredWhere, createdAt, updatedAt, voterId) values (26, false, 8, 10, true, 'Online Advertisement', '2017-06-17 08:09:51', '2016-12-04 10:01:12', '15');
insert into voterSiteSurvey (voterSurveyId, foundVotingCenter, isUserFriendly, foundNeededInfo, informedAboutCandidate, discoveredWhere, createdAt, updatedAt, voterId) values (27, true, 9, 7, false, 'Video Platform', '2014-10-18 05:39:39', '2009-01-19 05:25:26', '25');
insert into voterSiteSurvey (voterSurveyId, foundVotingCenter, isUserFriendly, foundNeededInfo, informedAboutCandidate, discoveredWhere, createdAt, updatedAt, voterId) values (28, true, 8, 4, true, 'Search Engine', '2008-10-22 11:50:11', '2014-07-01 21:39:04', '20');
insert into voterSiteSurvey (voterSurveyId, foundVotingCenter, isUserFriendly, foundNeededInfo, informedAboutCandidate, discoveredWhere, createdAt, updatedAt, voterId) values (29, false, 3, 2, true, 'Social Media', '2016-02-08 17:15:33', '2020-06-11 00:25:50', '17');
insert into voterSiteSurvey (voterSurveyId, foundVotingCenter, isUserFriendly, foundNeededInfo, informedAboutCandidate, discoveredWhere, createdAt, updatedAt, voterId) values (30, false, 9, 3, false, 'Newsletter', '2015-08-22 01:43:55', '2006-01-25 03:18:24', '19');
insert into voterSiteSurvey (voterSurveyId, foundVotingCenter, isUserFriendly, foundNeededInfo, informedAboutCandidate, discoveredWhere, createdAt, updatedAt, voterId) values (31, true, 10, 10, false, 'Word of Mouth', '2016-12-09 09:10:59', '2022-02-17 10:09:11', '10');
insert into voterSiteSurvey (voterSurveyId, foundVotingCenter, isUserFriendly, foundNeededInfo, informedAboutCandidate, discoveredWhere, createdAt, updatedAt, voterId) values (32, false, 5, 3, false, 'Newsletter', '2017-10-21 07:55:52', '2006-01-09 03:55:36', '7');
insert into voterSiteSurvey (voterSurveyId, foundVotingCenter, isUserFriendly, foundNeededInfo, informedAboutCandidate, discoveredWhere, createdAt, updatedAt, voterId) values (33, false, 7, 7, false, 'Social Media', '2021-09-14 22:29:55', '2007-08-11 03:35:30', '13');
insert into voterSiteSurvey (voterSurveyId, foundVotingCenter, isUserFriendly, foundNeededInfo, informedAboutCandidate, discoveredWhere, createdAt, updatedAt, voterId) values (34, true, 8, 6, true, 'Online Forum', '2021-04-11 07:32:28', '2020-03-19 20:03:26', '3');
insert into voterSiteSurvey (voterSurveyId, foundVotingCenter, isUserFriendly, foundNeededInfo, informedAboutCandidate, discoveredWhere, createdAt, updatedAt, voterId) values (35, true, 6, 1, false, 'Website', '2014-01-10 10:10:36', '2012-05-25 19:37:27', '27');

insert into voterFeaturesAccessed (surveyId, featureAccessed) values ('30', 'polling trend graphs');
insert into voterFeaturesAccessed (surveyId, featureAccessed) values ('6', 'campaign finance tracker');
insert into voterFeaturesAccessed (surveyId, featureAccessed) values ('12', 'candidate comparison tool');
insert into voterFeaturesAccessed (surveyId, featureAccessed) values ('18', 'Interactive election map');
insert into voterFeaturesAccessed (surveyId, featureAccessed) values ('4', 'real-time results dashboard');
insert into voterFeaturesAccessed (surveyId, featureAccessed) values ('7', 'candidate comparison tool');
insert into voterFeaturesAccessed (surveyId, featureAccessed) values ('27', 'Interactive election map');
insert into voterFeaturesAccessed (surveyId, featureAccessed) values ('2', 'real-time results dashboard');
insert into voterFeaturesAccessed (surveyId, featureAccessed) values ('31', 'social media sentiment analysis');
insert into voterFeaturesAccessed (surveyId, featureAccessed) values ('33', 'campaign finance tracker');
insert into voterFeaturesAccessed (surveyId, featureAccessed) values ('1', 'election news feed');
insert into voterFeaturesAccessed (surveyId, featureAccessed) values ('9', 'campaign finance tracker');
insert into voterFeaturesAccessed (surveyId, featureAccessed) values ('20', 'social media sentiment analysis');
insert into voterFeaturesAccessed (surveyId, featureAccessed) values ('14', 'campaign finance tracker');
insert into voterFeaturesAccessed (surveyId, featureAccessed) values ('16', 'voter registration portal');
insert into voterFeaturesAccessed (surveyId, featureAccessed) values ('28', 'issue-specific voting guides');
insert into voterFeaturesAccessed (surveyId, featureAccessed) values ('34', 'voter registration portal');
insert into voterFeaturesAccessed (surveyId, featureAccessed) values ('3', 'issue-specific voting guides');
insert into voterFeaturesAccessed (surveyId, featureAccessed) values ('5', 'polling trend graphs');
insert into voterFeaturesAccessed (surveyId, featureAccessed) values ('35', 'debate live streams');
insert into voterFeaturesAccessed (surveyId, featureAccessed) values ('23', 'debate live streams');
insert into voterFeaturesAccessed (surveyId, featureAccessed) values ('26', 'debate live streams');
insert into voterFeaturesAccessed (surveyId, featureAccessed) values ('15', 'real-time results dashboard');
insert into voterFeaturesAccessed (surveyId, featureAccessed) values ('29', 'voter registration portal');
insert into voterFeaturesAccessed (surveyId, featureAccessed) values ('32', 'real-time results dashboard');
insert into voterFeaturesAccessed (surveyId, featureAccessed) values ('24', 'Interactive election map');
insert into voterFeaturesAccessed (surveyId, featureAccessed) values ('10', 'debate live streams');
insert into voterFeaturesAccessed (surveyId, featureAccessed) values ('17', 'social media sentiment analysis');
insert into voterFeaturesAccessed (surveyId, featureAccessed) values ('13', 'election news feed');
insert into voterFeaturesAccessed (surveyId, featureAccessed) values ('22', 'Interactive election map');
insert into voterFeaturesAccessed (surveyId, featureAccessed) values ('8', 'real-time results dashboard');
insert into voterFeaturesAccessed (surveyId, featureAccessed) values ('11', 'election news feed');
insert into voterFeaturesAccessed (surveyId, featureAccessed) values ('19', 'election news feed');
insert into voterFeaturesAccessed (surveyId, featureAccessed) values ('25', 'real-time results dashboard');
insert into voterFeaturesAccessed (surveyId, featureAccessed) values ('21', 'Interactive election map');
insert into voterFeaturesAccessed (surveyId, featureAccessed) values ('19', 'issue-specific voting guides');
insert into voterFeaturesAccessed (surveyId, featureAccessed) values ('5', 'Interactive election map');
insert into voterFeaturesAccessed (surveyId, featureAccessed) values ('13', 'real-time results dashboard');
insert into voterFeaturesAccessed (surveyId, featureAccessed) values ('28', 'voter registration portal');
insert into voterFeaturesAccessed (surveyId, featureAccessed) values ('30', 'real-time results dashboard');
insert into voterFeaturesAccessed (surveyId, featureAccessed) values ('7', 'Interactive election map');
insert into voterFeaturesAccessed (surveyId, featureAccessed) values ('32', 'issue-specific voting guides');
insert into voterFeaturesAccessed (surveyId, featureAccessed) values ('9', 'debate live streams');
insert into voterFeaturesAccessed (surveyId, featureAccessed) values ('14', 'real-time results dashboard');
insert into voterFeaturesAccessed (surveyId, featureAccessed) values ('31', 'real-time results dashboard');
insert into voterFeaturesAccessed (surveyId, featureAccessed) values ('24', 'election news feed');
insert into voterFeaturesAccessed (surveyId, featureAccessed) values ('35', 'social media sentiment analysis');
insert into voterFeaturesAccessed (surveyId, featureAccessed) values ('16', 'candidate comparison tool');
insert into voterFeaturesAccessed (surveyId, featureAccessed) values ('4', 'campaign finance tracker');
insert into voterFeaturesAccessed (surveyId, featureAccessed) values ('22', 'candidate comparison tool');
insert into voterFeaturesAccessed (surveyId, featureAccessed) values ('23', 'real-time results dashboard');
insert into voterFeaturesAccessed (surveyId, featureAccessed) values ('20', 'real-time results dashboard');
insert into voterFeaturesAccessed (surveyId, featureAccessed) values ('21', 'candidate comparison tool');
insert into voterFeaturesAccessed (surveyId, featureAccessed) values ('10', 'voter registration portal');
insert into voterFeaturesAccessed (surveyId, featureAccessed) values ('27', 'election news feed');
insert into voterFeaturesAccessed (surveyId, featureAccessed) values ('9', 'real-time results dashboard');
insert into voterFeaturesAccessed (surveyId, featureAccessed) values ('3', 'social media sentiment analysis');
insert into voterFeaturesAccessed (surveyId, featureAccessed) values ('12', 'polling trend graphs');
insert into voterFeaturesAccessed (surveyId, featureAccessed) values ('17', 'real-time results dashboard');
insert into voterFeaturesAccessed (surveyId, featureAccessed) values ('33', 'candidate comparison tool');
insert into voterFeaturesAccessed (surveyId, featureAccessed) values ('29', 'real-time results dashboard');
insert into voterFeaturesAccessed (surveyId, featureAccessed) values ('26', 'election news feed');
insert into voterFeaturesAccessed (surveyId, featureAccessed) values ('1', 'Interactive election map');
insert into voterFeaturesAccessed (surveyId, featureAccessed) values ('15', 'election news feed');
insert into voterFeaturesAccessed (surveyId, featureAccessed) values ('10', 'election news feed');
insert into voterFeaturesAccessed (surveyId, featureAccessed) values ('18', 'social media sentiment analysis');
insert into voterFeaturesAccessed (surveyId, featureAccessed) values ('2', 'debate live streams');
insert into voterFeaturesAccessed (surveyId, featureAccessed) values ('25', 'issue-specific voting guides');
insert into voterFeaturesAccessed (surveyId, featureAccessed) values ('34', 'polling trend graphs');
insert into voterFeaturesAccessed (surveyId, featureAccessed) values ('6', 'social media sentiment analysis');
insert into voterFeaturesAccessed (surveyId, featureAccessed) values ('14', 'polling trend graphs');
insert into voterFeaturesAccessed (surveyId, featureAccessed) values ('12', 'real-time results dashboard');
insert into voterFeaturesAccessed (surveyId, featureAccessed) values ('33', 'social media sentiment analysis');
insert into voterFeaturesAccessed (surveyId, featureAccessed) values ('22', 'real-time results dashboard');
insert into voterFeaturesAccessed (surveyId, featureAccessed) values ('20', 'Interactive election map');
insert into voterFeaturesAccessed (surveyId, featureAccessed) values ('16', 'polling trend graphs');
insert into voterFeaturesAccessed (surveyId, featureAccessed) values ('7', 'election news feed');
insert into voterFeaturesAccessed (surveyId, featureAccessed) values ('15', 'voter registration portal');
insert into voterFeaturesAccessed (surveyId, featureAccessed) values ('29', 'candidate comparison tool');
insert into voterFeaturesAccessed (surveyId, featureAccessed) values ('3', 'Interactive election map');
insert into voterFeaturesAccessed (surveyId, featureAccessed) values ('30', 'social media sentiment analysis');
insert into voterFeaturesAccessed (surveyId, featureAccessed) values ('6', 'Interactive election map');
insert into voterFeaturesAccessed (surveyId, featureAccessed) values ('4', 'social media sentiment analysis');
insert into voterFeaturesAccessed (surveyId, featureAccessed) values ('4', 'polling trend graphs');
insert into voterFeaturesAccessed (surveyId, featureAccessed) values ('28', 'social media sentiment analysis');
insert into voterFeaturesAccessed (surveyId, featureAccessed) values ('23', 'issue-specific voting guides');
insert into voterFeaturesAccessed (surveyId, featureAccessed) values ('25', 'campaign finance tracker');
insert into voterFeaturesAccessed (surveyId, featureAccessed) values ('10', 'issue-specific voting guides');
insert into voterFeaturesAccessed (surveyId, featureAccessed) values ('24', 'social media sentiment analysis');
insert into voterFeaturesAccessed (surveyId, featureAccessed) values ('11', 'candidate comparison tool');
insert into voterFeaturesAccessed (surveyId, featureAccessed) values ('27', 'polling trend graphs');
insert into voterFeaturesAccessed (surveyId, featureAccessed) values ('1', 'voter registration portal');
insert into voterFeaturesAccessed (surveyId, featureAccessed) values ('2', 'Interactive election map');
insert into voterFeaturesAccessed (surveyId, featureAccessed) values ('17', 'Interactive election map');
insert into voterFeaturesAccessed (surveyId, featureAccessed) values ('5', 'issue-specific voting guides');
insert into voterFeaturesAccessed (surveyId, featureAccessed) values ('17', 'polling trend graphs');
insert into voterFeaturesAccessed (surveyId, featureAccessed) values ('35', 'Interactive election map');
insert into voterFeaturesAccessed (surveyId, featureAccessed) values ('19', 'Interactive election map');
insert into voterFeaturesAccessed (surveyId, featureAccessed) values ('21', 'election news feed');
insert into voterFeaturesAccessed (surveyId, featureAccessed) values ('26', 'polling trend graphs');

insert into campaign (campaignId, newVotersRegistered, dateLaunched, candidateId) values (1, 71, '2023-12-30 11:02:37', '17');
insert into campaign (campaignId, newVotersRegistered, dateLaunched, candidateId) values (2, 1, '2023-10-30 07:38:23', '8');
insert into campaign (campaignId, newVotersRegistered, dateLaunched, candidateId) values (3, 1, '2023-09-14 22:12:09', '3');
insert into campaign (campaignId, newVotersRegistered, dateLaunched, candidateId) values (4, 87, '2023-10-10 04:58:31', '12');
insert into campaign (campaignId, newVotersRegistered, dateLaunched, candidateId) values (5, 40, '2023-09-26 15:40:29', '16');
insert into campaign (campaignId, newVotersRegistered, dateLaunched, candidateId) values (6, 74, '2024-05-14 00:46:13', '27');
insert into campaign (campaignId, newVotersRegistered, dateLaunched, candidateId) values (7, 26, '2023-11-06 22:18:25', '22');
insert into campaign (campaignId, newVotersRegistered, dateLaunched, candidateId) values (8, 76, '2024-05-22 16:40:58', '20');
insert into campaign (campaignId, newVotersRegistered, dateLaunched, candidateId) values (9, 12, '2024-01-09 04:42:43', '4');
insert into campaign (campaignId, newVotersRegistered, dateLaunched, candidateId) values (10, 26, '2024-08-05 08:17:59', '1');
insert into campaign (campaignId, newVotersRegistered, dateLaunched, candidateId) values (11, 20, '2024-06-01 08:04:07', '29');
insert into campaign (campaignId, newVotersRegistered, dateLaunched, candidateId) values (12, 60, '2023-10-10 01:30:50', '31');
insert into campaign (campaignId, newVotersRegistered, dateLaunched, candidateId) values (13, 15, '2024-03-06 12:02:51', '6');
insert into campaign (campaignId, newVotersRegistered, dateLaunched, candidateId) values (14, 66, '2024-04-20 23:09:54', '19');
insert into campaign (campaignId, newVotersRegistered, dateLaunched, candidateId) values (15, 16, '2024-07-20 01:06:45', '13');
insert into campaign (campaignId, newVotersRegistered, dateLaunched, candidateId) values (16, 35, '2023-09-28 14:31:03', '25');
insert into campaign (campaignId, newVotersRegistered, dateLaunched, candidateId) values (17, 67, '2023-11-11 11:25:46', '11');
insert into campaign (campaignId, newVotersRegistered, dateLaunched, candidateId) values (18, 9, '2024-02-10 23:37:52', '23');
insert into campaign (campaignId, newVotersRegistered, dateLaunched, candidateId) values (19, 99, '2024-01-16 20:24:32', '32');
insert into campaign (campaignId, newVotersRegistered, dateLaunched, candidateId) values (20, 6, '2023-10-06 03:59:39', '14');
insert into campaign (campaignId, newVotersRegistered, dateLaunched, candidateId) values (21, 70, '2024-05-13 03:09:38', '28');
insert into campaign (campaignId, newVotersRegistered, dateLaunched, candidateId) values (22, 19, '2024-03-17 10:51:05', '15');
insert into campaign (campaignId, newVotersRegistered, dateLaunched, candidateId) values (23, 26, '2024-07-29 09:17:11', '7');
insert into campaign (campaignId, newVotersRegistered, dateLaunched, candidateId) values (24, 38, '2024-07-15 07:12:22', '33');
insert into campaign (campaignId, newVotersRegistered, dateLaunched, candidateId) values (25, 39, '2024-03-24 15:43:09', '35');
insert into campaign (campaignId, newVotersRegistered, dateLaunched, candidateId) values (26, 25, '2024-01-04 20:07:19', '24');
insert into campaign (campaignId, newVotersRegistered, dateLaunched, candidateId) values (27, 3, '2023-08-26 06:56:37', '9');
insert into campaign (campaignId, newVotersRegistered, dateLaunched, candidateId) values (28, 75, '2024-01-29 14:04:08', '30');
insert into campaign (campaignId, newVotersRegistered, dateLaunched, candidateId) values (29, 45, '2023-11-19 18:46:57', '10');
insert into campaign (campaignId, newVotersRegistered, dateLaunched, candidateId) values (30, 44, '2023-09-06 22:59:41', '5');
insert into campaign (campaignId, newVotersRegistered, dateLaunched, candidateId) values (31, 91, '2024-02-26 15:39:28', '18');
insert into campaign (campaignId, newVotersRegistered, dateLaunched, candidateId) values (32, 81, '2024-06-17 06:31:53', '34');
insert into campaign (campaignId, newVotersRegistered, dateLaunched, candidateId) values (33, 75, '2023-11-20 15:26:34', '2');
insert into campaign (campaignId, newVotersRegistered, dateLaunched, candidateId) values (34, 19, '2024-05-05 23:57:50', '21');
insert into campaign (campaignId, newVotersRegistered, dateLaunched, candidateId) values (35, 85, '2024-06-09 10:48:58', '26');

insert into rally (campaignId, rallyId, state, cost, volunteerCount, expectedAttendance, actualAttendance) values ('16', 1, 'Illinois', 6257, 99, 9100, 590);
insert into rally (campaignId, rallyId, state, cost, volunteerCount, expectedAttendance, actualAttendance) values ('1', 2, 'Mississippi', 5637, 9, 4552, 3422);
insert into rally (campaignId, rallyId, state, cost, volunteerCount, expectedAttendance, actualAttendance) values ('33', 3, 'Washington', 3360, 84, 7421, 6729);
insert into rally (campaignId, rallyId, state, cost, volunteerCount, expectedAttendance, actualAttendance) values ('35', 4, 'New Jersey', 2547, 13, 8015, 564);
insert into rally (campaignId, rallyId, state, cost, volunteerCount, expectedAttendance, actualAttendance) values ('2', 5, 'Illinois', 6466, 50, 5446, 56);
insert into rally (campaignId, rallyId, state, cost, volunteerCount, expectedAttendance, actualAttendance) values ('30', 6, 'Ohio', 2036, 93, 7576, 8107);
insert into rally (campaignId, rallyId, state, cost, volunteerCount, expectedAttendance, actualAttendance) values ('34', 7, 'Minnesota', 3276, 16, 1142, 1023);
insert into rally (campaignId, rallyId, state, cost, volunteerCount, expectedAttendance, actualAttendance) values ('6', 8, 'Alabama', 4998, 96, 4398, 5392);
insert into rally (campaignId, rallyId, state, cost, volunteerCount, expectedAttendance, actualAttendance) values ('24', 9, 'Texas', 4806, 78, 5102, 8726);
insert into rally (campaignId, rallyId, state, cost, volunteerCount, expectedAttendance, actualAttendance) values ('32', 10, 'Michigan', 5230, 68, 991, 3594);
insert into rally (campaignId, rallyId, state, cost, volunteerCount, expectedAttendance, actualAttendance) values ('22', 11, 'Michigan', 7895, 5, 9260, 3860);
insert into rally (campaignId, rallyId, state, cost, volunteerCount, expectedAttendance, actualAttendance) values ('9', 12, 'New Jersey', 5570, 34, 3201, 3979);
insert into rally (campaignId, rallyId, state, cost, volunteerCount, expectedAttendance, actualAttendance) values ('23', 13, 'District of Columbia', 394, 66, 6525, 6999);
insert into rally (campaignId, rallyId, state, cost, volunteerCount, expectedAttendance, actualAttendance) values ('7', 14, 'Michigan', 4833, 72, 4734, 7994);
insert into rally (campaignId, rallyId, state, cost, volunteerCount, expectedAttendance, actualAttendance) values ('4', 15, 'Alabama', 6628, 66, 3131, 9674);
insert into rally (campaignId, rallyId, state, cost, volunteerCount, expectedAttendance, actualAttendance) values ('14', 16, 'Illinois', 5402, 100, 5685, 6375);
insert into rally (campaignId, rallyId, state, cost, volunteerCount, expectedAttendance, actualAttendance) values ('13', 17, 'California', 3404, 58, 5716, 9461);
insert into rally (campaignId, rallyId, state, cost, volunteerCount, expectedAttendance, actualAttendance) values ('8', 18, 'Ohio', 1841, 79, 2886, 4341);
insert into rally (campaignId, rallyId, state, cost, volunteerCount, expectedAttendance, actualAttendance) values ('11', 19, 'South Carolina', 167, 63, 6617, 2608);
insert into rally (campaignId, rallyId, state, cost, volunteerCount, expectedAttendance, actualAttendance) values ('19', 20, 'North Carolina', 4634, 25, 4072, 9308);
insert into rally (campaignId, rallyId, state, cost, volunteerCount, expectedAttendance, actualAttendance) values ('3', 21, 'California', 4411, 16, 262, 8989);
insert into rally (campaignId, rallyId, state, cost, volunteerCount, expectedAttendance, actualAttendance) values ('28', 22, 'Louisiana', 6690, 43, 4844, 4260);
insert into rally (campaignId, rallyId, state, cost, volunteerCount, expectedAttendance, actualAttendance) values ('27', 23, 'Virginia', 602, 99, 7843, 4193);
insert into rally (campaignId, rallyId, state, cost, volunteerCount, expectedAttendance, actualAttendance) values ('31', 24, 'Texas', 4744, 20, 2919, 4828);
insert into rally (campaignId, rallyId, state, cost, volunteerCount, expectedAttendance, actualAttendance) values ('10', 25, 'Vermont', 5839, 18, 280, 2970);
insert into rally (campaignId, rallyId, state, cost, volunteerCount, expectedAttendance, actualAttendance) values ('26', 26, 'Hawaii', 6091, 41, 9522, 8946);
insert into rally (campaignId, rallyId, state, cost, volunteerCount, expectedAttendance, actualAttendance) values ('5', 27, 'Utah', 6076, 26, 6993, 5436);
insert into rally (campaignId, rallyId, state, cost, volunteerCount, expectedAttendance, actualAttendance) values ('20', 28, 'Texas', 3107, 62, 2003, 9602);
insert into rally (campaignId, rallyId, state, cost, volunteerCount, expectedAttendance, actualAttendance) values ('21', 29, 'Colorado', 7250, 85, 6433, 5777);
insert into rally (campaignId, rallyId, state, cost, volunteerCount, expectedAttendance, actualAttendance) values ('12', 30, 'Indiana', 4849, 40, 9647, 3561);
insert into rally (campaignId, rallyId, state, cost, volunteerCount, expectedAttendance, actualAttendance) values ('25', 31, 'Nebraska', 8952, 60, 1329, 3744);
insert into rally (campaignId, rallyId, state, cost, volunteerCount, expectedAttendance, actualAttendance) values ('17', 32, 'Iowa', 4921, 41, 4312, 3209);
insert into rally (campaignId, rallyId, state, cost, volunteerCount, expectedAttendance, actualAttendance) values ('18', 33, 'Connecticut', 4049, 56, 5480, 68);
insert into rally (campaignId, rallyId, state, cost, volunteerCount, expectedAttendance, actualAttendance) values ('29', 34, 'Florida', 9664, 39, 9125, 3845);
insert into rally (campaignId, rallyId, state, cost, volunteerCount, expectedAttendance, actualAttendance) values ('15', 35, 'Idaho', 1023, 25, 5772, 7124);
insert into rally (campaignId, rallyId, state, cost, volunteerCount, expectedAttendance, actualAttendance) values ('29', 36, 'Washington', 2780, 52, 8628, 2449);
insert into rally (campaignId, rallyId, state, cost, volunteerCount, expectedAttendance, actualAttendance) values ('20', 37, 'Iowa', 5995, 86, 4483, 5174);
insert into rally (campaignId, rallyId, state, cost, volunteerCount, expectedAttendance, actualAttendance) values ('28', 38, 'Louisiana', 4665, 39, 3402, 7932);
insert into rally (campaignId, rallyId, state, cost, volunteerCount, expectedAttendance, actualAttendance) values ('9', 39, 'Florida', 3502, 38, 3202, 8098);
insert into rally (campaignId, rallyId, state, cost, volunteerCount, expectedAttendance, actualAttendance) values ('33', 40, 'Ohio', 399, 97, 3142, 2827);
insert into rally (campaignId, rallyId, state, cost, volunteerCount, expectedAttendance, actualAttendance) values ('23', 41, 'Texas', 7574, 53, 5188, 9378);
insert into rally (campaignId, rallyId, state, cost, volunteerCount, expectedAttendance, actualAttendance) values ('19', 42, 'Kansas', 2334, 35, 9034, 935);
insert into rally (campaignId, rallyId, state, cost, volunteerCount, expectedAttendance, actualAttendance) values ('4', 43, 'Washington', 9028, 59, 8789, 3195);
insert into rally (campaignId, rallyId, state, cost, volunteerCount, expectedAttendance, actualAttendance) values ('15', 44, 'California', 8398, 6, 2970, 3196);
insert into rally (campaignId, rallyId, state, cost, volunteerCount, expectedAttendance, actualAttendance) values ('1', 45, 'Minnesota', 2045, 2, 7708, 5136);

insert into advertisement (campaignId, advertisementId, location, cost, interactions) values ('25', 1, 'sports stadium', 694, 333);
insert into advertisement (campaignId, advertisementId, location, cost, interactions) values ('30', 2, 'social media', 4035, 663);
insert into advertisement (campaignId, advertisementId, location, cost, interactions) values ('34', 3, 'bus shelter', 4283, 2477);
insert into advertisement (campaignId, advertisementId, location, cost, interactions) values ('7', 4, 'mobile app', 1170, 6422);
insert into advertisement (campaignId, advertisementId, location, cost, interactions) values ('27', 5, 'airport', 1009, 4896);
insert into advertisement (campaignId, advertisementId, location, cost, interactions) values ('18', 6, 'mobile app', 413, 7423);
insert into advertisement (campaignId, advertisementId, location, cost, interactions) values ('22', 7, 'airport', 1330, 4542);
insert into advertisement (campaignId, advertisementId, location, cost, interactions) values ('28', 8, 'gas station', 5085, 1921);
insert into advertisement (campaignId, advertisementId, location, cost, interactions) values ('19', 9, 'elevator', 2088, 3881);
insert into advertisement (campaignId, advertisementId, location, cost, interactions) values ('4', 10, 'mobile app', 4924, 6793);
insert into advertisement (campaignId, advertisementId, location, cost, interactions) values ('15', 11, 'park bench', 5199, 2157);
insert into advertisement (campaignId, advertisementId, location, cost, interactions) values ('32', 12, 'taxi cab', 4808, 9568);
insert into advertisement (campaignId, advertisementId, location, cost, interactions) values ('35', 13, 'billboard', 2342, 456);
insert into advertisement (campaignId, advertisementId, location, cost, interactions) values ('31', 14, 'bus stop', 2458, 3474);
insert into advertisement (campaignId, advertisementId, location, cost, interactions) values ('9', 15, 'taxi cab', 5072, 4561);
insert into advertisement (campaignId, advertisementId, location, cost, interactions) values ('26', 16, 'subway station', 3905, 5807);
insert into advertisement (campaignId, advertisementId, location, cost, interactions) values ('23', 17, 'website banner', 4763, 4237);
insert into advertisement (campaignId, advertisementId, location, cost, interactions) values ('2', 18, 'bus shelter', 4043, 8470);
insert into advertisement (campaignId, advertisementId, location, cost, interactions) values ('20', 19, 'magazine ad', 5442, 950);
insert into advertisement (campaignId, advertisementId, location, cost, interactions) values ('29', 20, 'shopping mall', 4908, 8250);
insert into advertisement (campaignId, advertisementId, location, cost, interactions) values ('8', 21, 'radio commercial', 3876, 4810);
insert into advertisement (campaignId, advertisementId, location, cost, interactions) values ('17', 22, 'movie theater', 577, 2062);
insert into advertisement (campaignId, advertisementId, location, cost, interactions) values ('16', 23, 'radio commercial', 5295, 3176);
insert into advertisement (campaignId, advertisementId, location, cost, interactions) values ('11', 24, 'elevator', 4056, 660);
insert into advertisement (campaignId, advertisementId, location, cost, interactions) values ('14', 25, 'online video platform', 4368, 9141);
insert into advertisement (campaignId, advertisementId, location, cost, interactions) values ('1', 26, 'coffee shop', 5367, 2933);
insert into advertisement (campaignId, advertisementId, location, cost, interactions) values ('5', 27, 'street corner', 3004, 8554);
insert into advertisement (campaignId, advertisementId, location, cost, interactions) values ('12', 28, 'mobile app', 5336, 7348);
insert into advertisement (campaignId, advertisementId, location, cost, interactions) values ('33', 29, 'coffee shop', 4022, 704);
insert into advertisement (campaignId, advertisementId, location, cost, interactions) values ('6', 30, 'radio commercial', 2222, 9090);
insert into advertisement (campaignId, advertisementId, location, cost, interactions) values ('24', 31, 'gas station', 2410, 4294);
insert into advertisement (campaignId, advertisementId, location, cost, interactions) values ('3', 32, 'billboard', 5441, 5222);
insert into advertisement (campaignId, advertisementId, location, cost, interactions) values ('10', 33, 'gas station', 4433, 1328);
insert into advertisement (campaignId, advertisementId, location, cost, interactions) values ('21', 34, 'subway station', 589, 4264);
insert into advertisement (campaignId, advertisementId, location, cost, interactions) values ('13', 35, 'subway station', 4301, 5106);
insert into advertisement (campaignId, advertisementId, location, cost, interactions) values ('12', 36, 'park bench', 937, 1689);
insert into advertisement (campaignId, advertisementId, location, cost, interactions) values ('2', 37, 'gas station', 2437, 1771);
insert into advertisement (campaignId, advertisementId, location, cost, interactions) values ('1', 38, 'gas station', 2416, 510);
insert into advertisement (campaignId, advertisementId, location, cost, interactions) values ('5', 39, 'billboard', 2829, 5467);
insert into advertisement (campaignId, advertisementId, location, cost, interactions) values ('8', 40, 'magazine ad', 3176, 8890);
insert into advertisement (campaignId, advertisementId, location, cost, interactions) values ('33', 41, 'gas station', 812, 7994);
insert into advertisement (campaignId, advertisementId, location, cost, interactions) values ('16', 42, 'taxi cab', 4607, 3977);
insert into advertisement (campaignId, advertisementId, location, cost, interactions) values ('24', 43, 'radio commercial', 5517, 7688);
insert into advertisement (campaignId, advertisementId, location, cost, interactions) values ('7', 44, 'airport', 194, 8603);
insert into advertisement (campaignId, advertisementId, location, cost, interactions) values ('19', 45, 'bus shelter', 5486, 5814);

insert into campaignManagerSiteSurvey (campaignSurveyId, campaignId, discoveredWhere, addAdditionalData, isDataUseful, foundNeededInfo, isUserFriendly, createdAt, updatedAt) values (1, '1', 'Blog', 'voter registration trends', true, 3, 1, '2018-05-29 22:38:15', '2015-06-22 01:33:38');
insert into campaignManagerSiteSurvey (campaignSurveyId, campaignId, discoveredWhere, addAdditionalData, isDataUseful, foundNeededInfo, isUserFriendly, createdAt, updatedAt) values (2, '2', 'Online Advertisement', 'endorsements from key figures', false, 5, 3, '2016-11-18 21:37:57', '2009-06-12 03:09:31');
insert into campaignManagerSiteSurvey (campaignSurveyId, campaignId, discoveredWhere, addAdditionalData, isDataUseful, foundNeededInfo, isUserFriendly, createdAt, updatedAt) values (3, '3', 'Video Platform', 'PAC contributions', false, 10, 4, '2009-10-24 22:39:22', '2012-06-24 09:50:02');
insert into campaignManagerSiteSurvey (campaignSurveyId, campaignId, discoveredWhere, addAdditionalData, isDataUseful, foundNeededInfo, isUserFriendly, createdAt, updatedAt) values (4, '4', 'Article', 'third-party candidate data', true, 7, 5, '2022-07-28 15:44:33', '2015-09-23 17:41:09');
insert into campaignManagerSiteSurvey (campaignSurveyId, campaignId, discoveredWhere, addAdditionalData, isDataUseful, foundNeededInfo, isUserFriendly, createdAt, updatedAt) values (5, '5', 'Video Platform', 'absentee ballot data', true, 10, 1, '2016-03-05 19:17:21', '2007-01-08 15:40:34');
insert into campaignManagerSiteSurvey (campaignSurveyId, campaignId, discoveredWhere, addAdditionalData, isDataUseful, foundNeededInfo, isUserFriendly, createdAt, updatedAt) values (6, '6', 'Online Forum', 'endorsements from key figures', true, 5, 5, '2010-05-11 02:21:37', '2008-11-27 02:02:39');
insert into campaignManagerSiteSurvey (campaignSurveyId, campaignId, discoveredWhere, addAdditionalData, isDataUseful, foundNeededInfo, isUserFriendly, createdAt, updatedAt) values (7, '7', 'Conference', 'social media sentiment analysis', true, 9, 9, '2012-11-06 17:54:52', '2006-10-13 03:46:51');
insert into campaignManagerSiteSurvey (campaignSurveyId, campaignId, discoveredWhere, addAdditionalData, isDataUseful, foundNeededInfo, isUserFriendly, createdAt, updatedAt) values (8, '8', 'Article', 'campaign staff information', false, 4, 6, '2022-08-21 15:22:04', '2017-02-02 05:28:22');
insert into campaignManagerSiteSurvey (campaignSurveyId, campaignId, discoveredWhere, addAdditionalData, isDataUseful, foundNeededInfo, isUserFriendly, createdAt, updatedAt) values (9, '9', 'Conference', 'candidate tax records', false, 4, 9, '2006-07-10 22:32:00', '2021-02-22 20:12:10');
insert into campaignManagerSiteSurvey (campaignSurveyId, campaignId, discoveredWhere, addAdditionalData, isDataUseful, foundNeededInfo, isUserFriendly, createdAt, updatedAt) values (10, '10', 'Online Advertisement', 'absentee ballot data', false, 7, 4, '2011-11-17 16:26:59', '2021-03-16 13:30:20');
insert into campaignManagerSiteSurvey (campaignSurveyId, campaignId, discoveredWhere, addAdditionalData, isDataUseful, foundNeededInfo, isUserFriendly, createdAt, updatedAt) values (11, '11', 'Blog', 'exit poll data', false, 5, 10, '2006-09-10 14:56:37', '2023-10-10 20:32:54');
insert into campaignManagerSiteSurvey (campaignSurveyId, campaignId, discoveredWhere, addAdditionalData, isDataUseful, foundNeededInfo, isUserFriendly, createdAt, updatedAt) values (12, '12', 'Article', 'voter opinion surveys', false, 3, 10, '2007-02-14 17:28:44', '2013-10-24 20:33:53');
insert into campaignManagerSiteSurvey (campaignSurveyId, campaignId, discoveredWhere, addAdditionalData, isDataUseful, foundNeededInfo, isUserFriendly, createdAt, updatedAt) values (13, '13', 'Article', 'issue-specific voter guides', false, 2, 4, '2016-09-08 10:19:49', '2020-09-24 02:15:45');
insert into campaignManagerSiteSurvey (campaignSurveyId, campaignId, discoveredWhere, addAdditionalData, isDataUseful, foundNeededInfo, isUserFriendly, createdAt, updatedAt) values (14, '14', 'Social Media', 'absentee ballot data', true, 4, 10, '2007-10-20 20:58:37', '2016-03-06 21:08:40');
insert into campaignManagerSiteSurvey (campaignSurveyId, campaignId, discoveredWhere, addAdditionalData, isDataUseful, foundNeededInfo, isUserFriendly, createdAt, updatedAt) values (15, '15', 'Video Platform', 'voter registration trends', true, 9, 3, '2015-10-16 01:44:02', '2014-03-10 09:58:28');
insert into campaignManagerSiteSurvey (campaignSurveyId, campaignId, discoveredWhere, addAdditionalData, isDataUseful, foundNeededInfo, isUserFriendly, createdAt, updatedAt) values (16, '16', 'Social Media', 'issue-specific voter guides', true, 9, 4, '2015-01-31 08:18:55', '2016-03-28 22:21:59');
insert into campaignManagerSiteSurvey (campaignSurveyId, campaignId, discoveredWhere, addAdditionalData, isDataUseful, foundNeededInfo, isUserFriendly, createdAt, updatedAt) values (17, '17', 'Newsletter', 'exit poll data', true, 10, 2, '2006-03-03 11:11:59', '2008-09-24 21:45:22');
insert into campaignManagerSiteSurvey (campaignSurveyId, campaignId, discoveredWhere, addAdditionalData, isDataUseful, foundNeededInfo, isUserFriendly, createdAt, updatedAt) values (18, '18', 'Website', 'campaign staff information', true, 10, 3, '2018-10-27 03:39:36', '2011-02-01 22:37:34');
insert into campaignManagerSiteSurvey (campaignSurveyId, campaignId, discoveredWhere, addAdditionalData, isDataUseful, foundNeededInfo, isUserFriendly, createdAt, updatedAt) values (19, '19', 'Online Forum', 'absentee ballot data', true, 8, 8, '2012-02-27 03:23:00', '2019-06-15 15:48:50');
insert into campaignManagerSiteSurvey (campaignSurveyId, campaignId, discoveredWhere, addAdditionalData, isDataUseful, foundNeededInfo, isUserFriendly, createdAt, updatedAt) values (20, '20', 'Search Engine', 'PAC contributions', false, 10, 8, '2022-10-13 15:18:46', '2017-05-11 13:16:50');
insert into campaignManagerSiteSurvey (campaignSurveyId, campaignId, discoveredWhere, addAdditionalData, isDataUseful, foundNeededInfo, isUserFriendly, createdAt, updatedAt) values (21, '21', 'Online Advertisement', 'state-by-state election laws', false, 1, 1, '2013-10-07 21:13:41', '2011-03-11 19:04:09');
insert into campaignManagerSiteSurvey (campaignSurveyId, campaignId, discoveredWhere, addAdditionalData, isDataUseful, foundNeededInfo, isUserFriendly, createdAt, updatedAt) values (22, '22', 'Conference', 'exit poll data', true, 7, 9, '2018-03-16 17:21:07', '2011-08-07 09:15:58');
insert into campaignManagerSiteSurvey (campaignSurveyId, campaignId, discoveredWhere, addAdditionalData, isDataUseful, foundNeededInfo, isUserFriendly, createdAt, updatedAt) values (23, '23', 'Blog', 'candidate fundraising totals', false, 10, 7, '2016-01-15 19:26:56', '2008-02-20 05:12:02');
insert into campaignManagerSiteSurvey (campaignSurveyId, campaignId, discoveredWhere, addAdditionalData, isDataUseful, foundNeededInfo, isUserFriendly, createdAt, updatedAt) values (24, '24', 'Online Forum', 'issue-specific voter guides', true, 5, 5, '2006-10-24 16:12:40', '2020-11-30 23:03:32');
insert into campaignManagerSiteSurvey (campaignSurveyId, campaignId, discoveredWhere, addAdditionalData, isDataUseful, foundNeededInfo, isUserFriendly, createdAt, updatedAt) values (25, '25', 'Search Engine', 'voter demographics', true, 4, 8, '2020-02-05 22:59:51', '2010-04-03 11:35:17');
insert into campaignManagerSiteSurvey (campaignSurveyId, campaignId, discoveredWhere, addAdditionalData, isDataUseful, foundNeededInfo, isUserFriendly, createdAt, updatedAt) values (26, '26', 'Conference', 'voter opinion surveys', false, 10, 4, '2006-03-25 16:33:08', '2013-03-24 09:18:37');
insert into campaignManagerSiteSurvey (campaignSurveyId, campaignId, discoveredWhere, addAdditionalData, isDataUseful, foundNeededInfo, isUserFriendly, createdAt, updatedAt) values (27, '27', 'Radio', 'early voting statistics', false, 5, 5, '2015-12-31 20:58:54', '2021-05-30 05:29:51');
insert into campaignManagerSiteSurvey (campaignSurveyId, campaignId, discoveredWhere, addAdditionalData, isDataUseful, foundNeededInfo, isUserFriendly, createdAt, updatedAt) values (28, '28', 'Search Engine', 'third-party candidate data', true, 3, 9, '2010-08-21 13:23:44', '2021-03-19 03:11:02');
insert into campaignManagerSiteSurvey (campaignSurveyId, campaignId, discoveredWhere, addAdditionalData, isDataUseful, foundNeededInfo, isUserFriendly, createdAt, updatedAt) values (29, '29', 'Social Media', 'candidate policy positions', true, 9, 3, '2022-01-05 22:28:44', '2023-02-08 07:30:55');
insert into campaignManagerSiteSurvey (campaignSurveyId, campaignId, discoveredWhere, addAdditionalData, isDataUseful, foundNeededInfo, isUserFriendly, createdAt, updatedAt) values (30, '30', 'Website', 'voter suppression reports', false, 2, 4, '2020-01-02 15:27:44', '2017-08-20 19:20:02');
insert into campaignManagerSiteSurvey (campaignSurveyId, campaignId, discoveredWhere, addAdditionalData, isDataUseful, foundNeededInfo, isUserFriendly, createdAt, updatedAt) values (31, '31', 'Conference', 'swing state analysis', true, 3, 4, '2023-07-18 10:25:40', '2013-01-26 15:11:18');
insert into campaignManagerSiteSurvey (campaignSurveyId, campaignId, discoveredWhere, addAdditionalData, isDataUseful, foundNeededInfo, isUserFriendly, createdAt, updatedAt) values (32, '32', 'Social Media', 'political ad spending data', true, 10, 5, '2007-01-04 08:49:19', '2015-08-16 20:42:02');
insert into campaignManagerSiteSurvey (campaignSurveyId, campaignId, discoveredWhere, addAdditionalData, isDataUseful, foundNeededInfo, isUserFriendly, createdAt, updatedAt) values (33, '33', 'Radio', 'absentee ballot data', true, 6, 8, '2023-01-12 22:44:27', '2013-01-28 22:13:28');
insert into campaignManagerSiteSurvey (campaignSurveyId, campaignId, discoveredWhere, addAdditionalData, isDataUseful, foundNeededInfo, isUserFriendly, createdAt, updatedAt) values (34, '34', 'Radio', 'campaign expenditure details', false, 5, 1, '2017-04-21 12:05:29', '2010-02-19 00:15:49');
insert into campaignManagerSiteSurvey (campaignSurveyId, campaignId, discoveredWhere, addAdditionalData, isDataUseful, foundNeededInfo, isUserFriendly, createdAt, updatedAt) values (35, '35', 'Online Forum', 'candidate interview archives', true, 5, 10, '2015-02-28 17:09:05', '2016-10-14 04:46:42');

insert into campaignFeaturesAccessed (surveyId, featureAccessed) values ('23', 'debate live streams');
insert into campaignFeaturesAccessed (surveyId, featureAccessed) values ('28', 'campaign finance tracker');
insert into campaignFeaturesAccessed (surveyId, featureAccessed) values ('9', 'election news feed');
insert into campaignFeaturesAccessed (surveyId, featureAccessed) values ('12', 'election news feed');
insert into campaignFeaturesAccessed (surveyId, featureAccessed) values ('16', 'debate live streams');
insert into campaignFeaturesAccessed (surveyId, featureAccessed) values ('15', 'voter registration portal');
insert into campaignFeaturesAccessed (surveyId, featureAccessed) values ('7', 'election news feed');
insert into campaignFeaturesAccessed (surveyId, featureAccessed) values ('2', 'real-time results dashboard');
insert into campaignFeaturesAccessed (surveyId, featureAccessed) values ('13', 'issue-specific voting guides');
insert into campaignFeaturesAccessed (surveyId, featureAccessed) values ('31', 'polling trend graphs');
insert into campaignFeaturesAccessed (surveyId, featureAccessed) values ('20', 'debate live streams');
insert into campaignFeaturesAccessed (surveyId, featureAccessed) values ('10', 'real-time results dashboard');
insert into campaignFeaturesAccessed (surveyId, featureAccessed) values ('19', 'issue-specific voting guides');
insert into campaignFeaturesAccessed (surveyId, featureAccessed) values ('33', 'Interactive election map');
insert into campaignFeaturesAccessed (surveyId, featureAccessed) values ('32', 'polling trend graphs');
insert into campaignFeaturesAccessed (surveyId, featureAccessed) values ('1', 'election news feed');
insert into campaignFeaturesAccessed (surveyId, featureAccessed) values ('24', 'polling trend graphs');
insert into campaignFeaturesAccessed (surveyId, featureAccessed) values ('17', 'social media sentiment analysis');
insert into campaignFeaturesAccessed (surveyId, featureAccessed) values ('18', 'election news feed');
insert into campaignFeaturesAccessed (surveyId, featureAccessed) values ('25', 'real-time results dashboard');
insert into campaignFeaturesAccessed (surveyId, featureAccessed) values ('35', 'debate live streams');
insert into campaignFeaturesAccessed (surveyId, featureAccessed) values ('22', 'issue-specific voting guides');
insert into campaignFeaturesAccessed (surveyId, featureAccessed) values ('26', 'polling trend graphs');
insert into campaignFeaturesAccessed (surveyId, featureAccessed) values ('6', 'debate live streams');
insert into campaignFeaturesAccessed (surveyId, featureAccessed) values ('27', 'candidate comparison tool');
insert into campaignFeaturesAccessed (surveyId, featureAccessed) values ('5', 'real-time results dashboard');
insert into campaignFeaturesAccessed (surveyId, featureAccessed) values ('30', 'issue-specific voting guides');
insert into campaignFeaturesAccessed (surveyId, featureAccessed) values ('4', 'social media sentiment analysis');
insert into campaignFeaturesAccessed (surveyId, featureAccessed) values ('11', 'debate live streams');
insert into campaignFeaturesAccessed (surveyId, featureAccessed) values ('8', 'issue-specific voting guides');
insert into campaignFeaturesAccessed (surveyId, featureAccessed) values ('29', 'candidate comparison tool');
insert into campaignFeaturesAccessed (surveyId, featureAccessed) values ('34', 'Interactive election map');
insert into campaignFeaturesAccessed (surveyId, featureAccessed) values ('21', 'voter registration portal');
insert into campaignFeaturesAccessed (surveyId, featureAccessed) values ('3', 'real-time results dashboard');
insert into campaignFeaturesAccessed (surveyId, featureAccessed) values ('14', 'candidate comparison tool');
insert into campaignFeaturesAccessed (surveyId, featureAccessed) values ('27', 'election news feed');
insert into campaignFeaturesAccessed (surveyId, featureAccessed) values ('13', 'polling trend graphs');
insert into campaignFeaturesAccessed (surveyId, featureAccessed) values ('29', 'real-time results dashboard');
insert into campaignFeaturesAccessed (surveyId, featureAccessed) values ('19', 'social media sentiment analysis');
insert into campaignFeaturesAccessed (surveyId, featureAccessed) values ('21', 'Interactive election map');
insert into campaignFeaturesAccessed (surveyId, featureAccessed) values ('32', 'debate live streams');
insert into campaignFeaturesAccessed (surveyId, featureAccessed) values ('22', 'voter registration portal');
insert into campaignFeaturesAccessed (surveyId, featureAccessed) values ('9', 'issue-specific voting guides');
insert into campaignFeaturesAccessed (surveyId, featureAccessed) values ('3', 'election news feed');
insert into campaignFeaturesAccessed (surveyId, featureAccessed) values ('23', 'issue-specific voting guides');
insert into campaignFeaturesAccessed (surveyId, featureAccessed) values ('28', 'real-time results dashboard');
insert into campaignFeaturesAccessed (surveyId, featureAccessed) values ('4', 'debate live streams');
insert into campaignFeaturesAccessed (surveyId, featureAccessed) values ('30', 'voter registration portal');
insert into campaignFeaturesAccessed (surveyId, featureAccessed) values ('10', 'debate live streams');
insert into campaignFeaturesAccessed (surveyId, featureAccessed) values ('7', 'polling trend graphs');
insert into campaignFeaturesAccessed (surveyId, featureAccessed) values ('1', 'debate live streams');
insert into campaignFeaturesAccessed (surveyId, featureAccessed) values ('2', 'voter registration portal');
insert into campaignFeaturesAccessed (surveyId, featureAccessed) values ('14', 'debate live streams');
insert into campaignFeaturesAccessed (surveyId, featureAccessed) values ('35', 'candidate comparison tool');
insert into campaignFeaturesAccessed (surveyId, featureAccessed) values ('20', 'campaign finance tracker');
insert into campaignFeaturesAccessed (surveyId, featureAccessed) values ('5', 'Interactive election map');
insert into campaignFeaturesAccessed (surveyId, featureAccessed) values ('18', 'voter registration portal');
insert into campaignFeaturesAccessed (surveyId, featureAccessed) values ('25', 'candidate comparison tool');
insert into campaignFeaturesAccessed (surveyId, featureAccessed) values ('24', 'campaign finance tracker');
insert into campaignFeaturesAccessed (surveyId, featureAccessed) values ('34', 'real-time results dashboard');
insert into campaignFeaturesAccessed (surveyId, featureAccessed) values ('33', 'campaign finance tracker');
insert into campaignFeaturesAccessed (surveyId, featureAccessed) values ('26', 'election news feed');
insert into campaignFeaturesAccessed (surveyId, featureAccessed) values ('16', 'election news feed');
insert into campaignFeaturesAccessed (surveyId, featureAccessed) values ('17', 'issue-specific voting guides');
insert into campaignFeaturesAccessed (surveyId, featureAccessed) values ('31', 'election news feed');
insert into campaignFeaturesAccessed (surveyId, featureAccessed) values ('9', 'Interactive election map');
insert into campaignFeaturesAccessed (surveyId, featureAccessed) values ('12', 'campaign finance tracker');
insert into campaignFeaturesAccessed (surveyId, featureAccessed) values ('1', 'real-time results dashboard');
insert into campaignFeaturesAccessed (surveyId, featureAccessed) values ('15', 'social media sentiment analysis');
insert into campaignFeaturesAccessed (surveyId, featureAccessed) values ('6', 'voter registration portal');
insert into campaignFeaturesAccessed (surveyId, featureAccessed) values ('3', 'polling trend graphs');
insert into campaignFeaturesAccessed (surveyId, featureAccessed) values ('25', 'issue-specific voting guides');
insert into campaignFeaturesAccessed (surveyId, featureAccessed) values ('29', 'social media sentiment analysis');
insert into campaignFeaturesAccessed (surveyId, featureAccessed) values ('26', 'real-time results dashboard');
insert into campaignFeaturesAccessed (surveyId, featureAccessed) values ('20', 'voter registration portal');
insert into campaignFeaturesAccessed (surveyId, featureAccessed) values ('22', 'Interactive election map');
insert into campaignFeaturesAccessed (surveyId, featureAccessed) values ('12', 'real-time results dashboard');
insert into campaignFeaturesAccessed (surveyId, featureAccessed) values ('35', 'voter registration portal');
insert into campaignFeaturesAccessed (surveyId, featureAccessed) values ('5', 'polling trend graphs');
insert into campaignFeaturesAccessed (surveyId, featureAccessed) values ('29', 'issue-specific voting guides');
insert into campaignFeaturesAccessed (surveyId, featureAccessed) values ('31', 'real-time results dashboard');
insert into campaignFeaturesAccessed (surveyId, featureAccessed) values ('7', 'debate live streams');
insert into campaignFeaturesAccessed (surveyId, featureAccessed) values ('21', 'candidate comparison tool');
insert into campaignFeaturesAccessed (surveyId, featureAccessed) values ('33', 'debate live streams');
insert into campaignFeaturesAccessed (surveyId, featureAccessed) values ('23', 'campaign finance tracker');
insert into campaignFeaturesAccessed (surveyId, featureAccessed) values ('11', 'real-time results dashboard');
insert into campaignFeaturesAccessed (surveyId, featureAccessed) values ('9', 'real-time results dashboard');
insert into campaignFeaturesAccessed (surveyId, featureAccessed) values ('13', 'social media sentiment analysis');
insert into campaignFeaturesAccessed (surveyId, featureAccessed) values ('28', 'Interactive election map');
insert into campaignFeaturesAccessed (surveyId, featureAccessed) values ('1', 'issue-specific voting guides');
insert into campaignFeaturesAccessed (surveyId, featureAccessed) values ('8', 'social media sentiment analysis');
insert into campaignFeaturesAccessed (surveyId, featureAccessed) values ('15', 'campaign finance tracker');
insert into campaignFeaturesAccessed (surveyId, featureAccessed) values ('4', 'real-time results dashboard');
insert into campaignFeaturesAccessed (surveyId, featureAccessed) values ('23', 'social media sentiment analysis');
insert into campaignFeaturesAccessed (surveyId, featureAccessed) values ('32', 'issue-specific voting guides');
insert into campaignFeaturesAccessed (surveyId, featureAccessed) values ('19', 'voter registration portal');
insert into campaignFeaturesAccessed (surveyId, featureAccessed) values ('17', 'debate live streams');
insert into campaignFeaturesAccessed (surveyId, featureAccessed) values ('13', 'candidate comparison tool');
insert into campaignFeaturesAccessed (surveyId, featureAccessed) values ('7', 'Interactive election map');
insert into campaignFeaturesAccessed (surveyId, featureAccessed) values ('34', 'candidate comparison tool');
